Frame	Time	R_Eye-Ear-Vertical	R_Wrist-Elbow-Shoulder	R_Hip-Knee-Ankle
1	0.033	101.45	114.33	99.96
2	0.067	101.93	112.62	99.55
3	0.1	102.36	114.21	100.17
4	0.133	101.77	114.35	100.57
5	0.167	99.6	115.0	102.02
6	0.2	101.04	116.38	101.13
7	0.233	99.27	117.6	101.52
8	0.267	100.24	118.05	102.12
9	0.3	99.98	118.47	103.22
10	0.333	100.14	119.92	102.22
11	0.367	101.67	119.98	102.45
12	0.4	101.57	122.12	102.53
13	0.433	101.5	120.93	100.63
14	0.467	101.64	118.52	100.05
15	0.5	101.74	119.44	99.88
16	0.533	100.8	117.31	98.8
17	0.567	100.86	116.55	98.69
18	0.6	100.45	119.06	97.42
19	0.633	100.88	117.32	98.6
20	0.667	100.83	118.48	99.02
21	0.7	99.63	118.84	98.42
22	0.733	99.73	118.52	97.03
23	0.767	99.69	117.91	96.5
24	0.8	99.44	117.47	95.01
25	0.833	99.02	115.52	94.45
26	0.867	99.17	116.81	94.15
27	0.9	98.93	114.88	92.74
28	0.933	99.57	117.42	94.2
29	0.967	99.53	117.37	92.41
30	1.0	99.33	118.24	92.66
31	1.033	99.21	117.42	92.35
32	1.067	99.34	116.26	92.82
33	1.1	99.48	116.08	92.76
34	1.133	99.72	115.41	93.21
35	1.167	100.21	116.43	93.1
36	1.2	100.75	116.27	93.48
37	1.233	100.73	115.95	93.96
38	1.267	100.51	118.11	92.37
39	1.3	100.12	115.53	93.1
40	1.333	100.01	114.89	92.96
41	1.367	100.24	115.08	92.27
42	1.4	100.21	115.23	93.72
43	1.433	100.24	113.88	95.6
44	1.467	100.27	114.26	95.99
45	1.5	100.01	115.53	97.44
46	1.533	99.94	114.82	98.89
47	1.567	99.86	115.67	98.02
48	1.6	100.04	115.28	98.02
49	1.633	100.04	115.48	97.59
50	1.667	100.35	115.92	97.82
51	1.7	100.25	115.2	97.27
52	1.733	100.57	115.43	96.0
53	1.767	100.44	117.73	96.0
54	1.8	100.47	116.47	96.8
55	1.833	100.39	116.52	96.97
56	1.867	100.27	115.37	95.55
57	1.9	100.5	115.84	96.14
58	1.933	100.25	116.24	95.96
59	1.967	100.06	115.02	95.9
60	2.0	100.26	116.68	95.55
61	2.033	100.05	111.91	93.88
62	2.067	100.02	112.31	93.81
63	2.1	100.14	111.12	93.84
64	2.133	100.73	112.42	93.2
65	2.167	100.9	114.67	93.73
66	2.2	100.96	113.24	93.97
67	2.233	101.01	114.81	93.2
68	2.267	100.76	116.38	93.95
69	2.3	100.97	115.95	93.69
70	2.333	101.06	115.83	93.92
71	2.367	100.76	117.1	93.98
72	2.4	101.09	117.06	94.45
73	2.433	101.12	116.86	93.58
74	2.467	100.78	114.74	94.27
75	2.5	100.96	115.07	95.17
76	2.533	101.25	112.61	94.63
77	2.567	101.2	112.81	93.95
78	2.6	101.14	113.67	94.16
79	2.633	101.35	115.0	94.9
80	2.667	101.69	115.86	95.34
81	2.7	101.36	114.98	95.48
82	2.733	100.89	112.81	95.49
83	2.767	101.35	115.19	96.4
84	2.8	101.18	113.9	98.07
85	2.833	101.02	113.6	98.89
86	2.867	101.13	114.02	99.06
87	2.9	101.21	115.09	99.18
88	2.933	101.44	115.61	98.64
89	2.967	101.02	116.53	98.69
90	3.0	100.46	114.48	100.14
91	3.033	101.41	118.24	98.73
92	3.067	101.4	117.44	98.89
93	3.1	101.35	116.71	98.46
94	3.133	101.39	117.24	98.66
95	3.167	101.78	116.54	99.12
96	3.2	99.69	110.79	101.17
97	3.233	102.14	115.21	99.33
98	3.267	102.34	117.53	99.23
99	3.3	102.3	116.04	98.82
100	3.333	100.1	110.77	101.32
101	3.367	102.49	114.4	98.72
102	3.4	100.17	108.03	100.73
103	3.433	100.11	107.15	101.17
104	3.467	102.24	114.0	100.4
105	3.5	101.98	112.86	100.28
106	3.533	101.2	107.17	103.21
107	3.567	100.45	103.92	103.83
108	3.6	100.6	107.57	104.13
109	3.633	100.67	108.85	104.97
110	3.667	101.75	109.06	106.65
111	3.7	100.06	108.3	107.85
112	3.733	100.07	108.78	107.44
113	3.767	99.61	107.09	109.58
114	3.8	98.8	108.81	107.31
115	3.833	98.49	109.92	105.93
116	3.867	97.88	111.35	105.94
117	3.9	97.61	110.9	105.22
118	3.933	97.1	111.71	103.92
119	3.967	96.92	111.7	105.26
120	4.0	98.23	113.52	104.14
121	4.033	97.84	111.67	103.32
122	4.067	97.4	112.99	103.39
123	4.1	97.39	114.68	104.44
124	4.133	96.64	115.35	104.32
125	4.167	96.87	114.32	104.0
126	4.2	96.57	114.34	102.37
127	4.233	96.6	115.83	100.77
128	4.267	97.12	116.72	101.02
129	4.3	96.61	115.24	98.86
130	4.333	96.84	116.08	98.68
131	4.367	96.92	115.94	98.35
132	4.4	96.86	114.53	96.54
133	4.433	96.6	115.56	94.93
134	4.467	96.38	115.75	94.31
135	4.5	96.02	115.62	94.06
136	4.533	96.3	115.25	93.87
137	4.567	96.05	114.45	92.78
138	4.6	96.36	115.09	93.4
139	4.633	96.75	115.57	92.87
140	4.667	97.56	115.81	94.16
141	4.7	97.99	116.59	94.05
142	4.733	97.92	116.94	94.53
143	4.767	97.83	118.03	93.1
144	4.8	97.74	115.87	92.82
145	4.833	97.33	114.39	92.64
146	4.867	97.15	115.5	93.61
147	4.9	95.28	113.11	93.47
148	4.933	94.4	111.93	96.17
149	4.967	96.36	110.18	100.02
150	5.0	96.95	110.31	101.17
151	5.033	94.85	109.19	102.99
152	5.067	95.03	109.74	103.53
153	5.1	94.89	109.72	104.21
154	5.133	94.64	111.35	104.28
155	5.167	95.48	112.76	104.55
156	5.2	95.83	110.32	103.49
157	5.233	95.14	110.86	102.79
158	5.267	95.67	111.94	102.67
159	5.3	96.04	112.03	102.57
160	5.333	94.38	112.44	102.7
161	5.367	93.54	110.58	101.87
162	5.4	93.3	108.46	101.0
163	5.433	93.94	108.9	102.02
164	5.467	94.66	111.51	102.11
165	5.5	94.81	112.63	101.39
166	5.533	98.33	122.66	102.92
167	5.567	94.76	112.32	102.97
168	5.6	99.14	120.49	104.94
169	5.633	99.89	120.86	105.34
170	5.667	96.33	110.59	104.2
171	5.7	97.57	112.22	103.19
172	5.733	100.06	121.72	103.66
173	5.767	99.82	121.96	101.89
174	5.8	100.2	121.03	102.44
175	5.833	100.24	121.37	101.54
176	5.867	98.3	112.87	102.69
177	5.9	98.74	113.14	101.64
178	5.933	98.69	114.54	101.54
179	5.967	97.86	113.92	101.4
180	6.0	98.29	113.02	101.16
181	6.033	99.0	114.39	103.19
182	6.067	99.07	113.12	101.26
183	6.1	101.19	121.17	102.17
184	6.133	101.69	122.0	102.41
185	6.167	101.27	122.4	101.96
186	6.2	100.84	122.61	101.84
187	6.233	98.13	113.65	102.95
188	6.267	98.45	113.51	102.12
189	6.3	98.68	114.34	102.16
190	6.333	99.48	113.63	102.19
191	6.367	99.58	112.84	102.11
192	6.4	99.49	112.32	102.2
193	6.433	99.6	113.35	101.95
194	6.467	99.74	112.51	101.49
195	6.5	99.3	112.12	102.05
196	6.533	99.62	111.64	102.0
197	6.567	99.42	110.84	102.13
198	6.6	99.31	111.61	102.63
199	6.633	99.45	110.36	103.41
200	6.667	99.05	111.11	101.33
201	6.7	99.21	110.26	103.34
202	6.733	98.82	109.34	104.46
203	6.767	99.37	109.37	105.7
204	6.8	103.02	122.82	107.51
205	6.833	102.5	122.06	108.42
206	6.867	103.12	121.47	108.8
207	6.9	103.79	121.89	109.37
208	6.933	102.66	122.15	106.64
209	6.967	99.38	110.69	104.94
210	7.0	98.48	111.16	105.39
211	7.033	96.35	113.23	105.07
212	7.067	98.43	113.47	104.73
213	7.1	98.18	112.25	103.32
214	7.133	97.53	115.42	103.45
215	7.167	97.08	114.67	105.32
216	7.2	96.72	114.63	105.28
217	7.233	98.71	125.6	103.36
218	7.267	96.86	115.81	106.87
219	7.3	96.67	116.46	107.64
220	7.333	96.46	117.43	107.51
221	7.367	96.83	117.54	107.66
222	7.4	98.89	117.87	108.11
223	7.433	102.75	130.57	109.95
224	7.467	103.67	128.7	110.14
225	7.5	102.43	127.68	110.17
226	7.533	102.79	123.29	109.32
227	7.567	98.94	105.45	103.69
228	7.6	99.56	101.99	102.59
229	7.633	99.16	101.26	101.97
230	7.667	99.63	98.92	101.28
231	7.7	99.71	99.22	98.89
232	7.733	99.88	99.67	100.6
233	7.767	99.3	98.98	99.12
234	7.8	99.31	96.19	100.35
235	7.833	98.28	98.76	102.06
236	7.867	102.04	116.73	107.15
237	7.9	100.18	113.17	107.45
238	7.933	99.84	114.51	107.73
239	7.967	99.59	113.28	106.39
240	8.0	100.24	115.51	107.12
241	8.033	100.63	114.9	104.54
242	8.067	100.76	114.49	104.77
243	8.1	100.74	114.76	104.05
244	8.133	100.01	117.46	102.97
245	8.167	99.92	117.83	104.58
246	8.2	99.96	119.64	104.0
247	8.233	99.44	118.44	103.18
248	8.267	99.95	118.73	104.23
249	8.3	100.05	118.27	102.67
250	8.333	100.16	118.03	104.1
251	8.367	99.55	117.01	101.96
252	8.4	99.54	117.83	101.76
253	8.433	99.74	117.47	102.29
254	8.467	99.31	117.24	102.77
255	8.5	99.16	117.97	102.78
256	8.533	99.07	118.02	103.21
257	8.567	98.93	116.84	103.48
258	8.6	99.0	116.17	103.5
259	8.633	98.99	116.1	102.82
260	8.667	99.15	114.64	102.62
261	8.7	97.51	95.29	99.87
262	8.733	99.31	114.32	102.4
263	8.767	99.12	117.49	101.6
264	8.8	99.09	116.94	101.48
265	8.833	99.04	116.01	100.31
266	8.867	98.98	117.11	101.3
267	8.9	98.69	116.75	100.15
268	8.933	98.69	118.74	99.61
269	8.967	98.8	118.19	99.11
270	9.0	99.21	116.21	97.25
271	9.033	98.77	117.08	98.14
272	9.067	98.17	118.46	98.7
273	9.1	99.23	121.03	98.96
274	9.133	99.48	118.76	96.74
275	9.167	98.25	96.8	92.92
276	9.2	99.2	116.52	95.29
277	9.233	99.36	117.41	94.61
278	9.267	98.8	116.96	94.57
279	9.3	99.25	117.55	93.16
280	9.333	98.37	115.82	91.43
281	9.367	98.71	114.39	89.22
282	9.4	98.79	117.03	89.46
283	9.433	98.79	117.07	91.67
284	9.467	98.28	118.77	92.02
285	9.5	97.81	120.73	91.61
286	9.533	98.4	123.25	91.22
287	9.567	98.27	121.6	91.42
288	9.6	98.12	122.15	91.88
289	9.633	98.21	123.84	93.35
290	9.667	98.16	123.92	93.61
291	9.7	95.55	100.25	90.52
292	9.733	97.82	122.98	92.19
293	9.767	96.29	101.88	89.12
294	9.8	96.18	102.56	88.96
295	9.833	95.94	101.5	88.08
296	9.867	96.06	104.84	89.24
297	9.9	96.71	103.59	89.37
298	9.933	99.54	123.88	91.51
299	9.967	99.07	124.52	91.4
300	10.0	98.49	122.53	91.02
301	10.033	97.78	126.24	87.33
302	10.067	95.98	106.04	89.0
303	10.1	98.01	125.77	91.1
304	10.133	97.93	125.07	90.4
305	10.167	98.22	123.95	90.0
306	10.2	97.79	125.65	91.23
307	10.233	97.92	127.92	91.4
308	10.267	97.8	128.67	94.42
309	10.3	95.35	107.53	91.67
310	10.333	97.45	126.81	93.84
311	10.367	97.35	125.8	92.83
312	10.4	97.01	126.71	92.81
313	10.433	96.65	126.75	92.76
314	10.467	96.26	126.47	90.17
315	10.5	96.1	127.92	89.91
316	10.533	95.55	128.09	89.06
317	10.567	95.13	127.56	86.91
318	10.6	95.19	127.76	89.04
319	10.633	95.33	128.25	89.47
320	10.667	95.39	129.91	90.15
321	10.7	95.28	129.98	91.96
322	10.733	95.35	127.75	91.34
323	10.767	95.17	127.41	90.68
324	10.8	94.96	126.95	91.13
325	10.833	94.94	129.09	90.43
326	10.867	94.19	128.82	89.56
327	10.9	92.91	104.99	83.08
328	10.933	94.06	129.88	89.45
329	10.967	93.9	130.43	89.3
330	11.0	93.37	108.22	83.71
331	11.033	94.37	130.82	90.27
332	11.067	93.83	129.18	89.65
333	11.1	91.26	110.38	89.1
334	11.133	91.41	109.5	92.07
335	11.167	94.2	128.7	96.43
336	11.2	93.34	129.81	98.49
337	11.233	93.96	129.7	98.14
338	11.267	94.45	129.5	98.08
339	11.3	92.8	109.07	92.39
340	11.333	93.02	107.62	92.06
341	11.367	93.75	108.19	92.85
342	11.4	94.32	110.04	92.05
343	11.433	95.82	125.71	94.61
344	11.467	95.75	125.96	95.48
345	11.5	96.38	127.54	94.87
346	11.533	96.58	127.97	94.95
347	11.567	96.78	127.71	96.01
348	11.6	97.08	127.71	96.57
349	11.633	94.65	109.78	96.08
350	11.667	94.81	109.81	96.57
351	11.7	95.74	107.21	97.08
352	11.733	96.14	110.57	96.95
353	11.767	96.01	109.96	96.49
354	11.8	96.39	109.22	95.92
355	11.833	96.32	109.5	96.42
356	11.867	96.33	109.9	96.37
357	11.9	96.29	109.81	95.97
358	11.933	96.15	111.11	94.78
359	11.967	95.73	110.42	93.63
360	12.0	95.47	110.18	92.89
361	12.033	95.78	110.09	92.95
362	12.067	95.85	109.72	93.3
363	12.1	95.73	111.75	93.52
364	12.133	96.07	110.66	93.26
365	12.167	95.72	110.54	92.89
366	12.2	95.64	108.77	92.74
367	12.233	95.89	109.4	92.23
368	12.267	95.58	106.98	91.89
369	12.3	96.06	108.53	91.05
370	12.333	95.9	107.12	91.66
371	12.367	95.43	104.44	90.66
372	12.4	95.44	104.97	91.08
373	12.433	96.04	107.21	91.4
374	12.467	96.27	106.87	89.72
375	12.5	96.0	108.85	90.67
376	12.533	96.22	130.47	94.72
377	12.567	96.38	131.56	93.84
378	12.6	95.91	131.41	93.42
379	12.633	94.36	110.76	87.78
380	12.667	96.81	128.6	92.43
381	12.7	96.65	127.63	93.47
382	12.733	95.74	127.17	93.04
383	12.767	95.46	125.74	92.74
384	12.8	95.3	124.95	92.16
385	12.833	95.12	125.9	92.16
386	12.867	95.12	126.83	93.26
387	12.9	94.72	126.82	93.53
388	12.933	94.79	128.54	93.75
389	12.967	94.87	127.85	93.23
390	13.0	94.26	127.21	93.34
391	13.033	94.5	127.21	92.91
392	13.067	94.02	127.46	92.69
393	13.1	93.8	128.22	91.73
394	13.133	94.03	127.59	91.9
395	13.167	94.08	128.53	90.58
396	13.2	91.74	108.57	85.96
397	13.233	92.22	107.37	86.59
398	13.267	94.01	125.7	90.06
399	13.3	94.42	125.68	90.41
400	13.333	94.35	125.72	90.55
401	13.367	93.98	126.77	90.25
402	13.4	93.9	125.88	91.17
403	13.433	93.41	125.7	90.56
404	13.467	93.38	127.12	90.11
405	13.5	93.8	126.88	91.02
406	13.533	94.73	127.09	90.88
407	13.567	94.28	125.62	90.3
408	13.6	94.73	125.68	90.48
409	13.633	94.13	127.02	89.72
410	13.667	94.32	126.81	88.66
411	13.7	94.22	126.32	89.82
412	13.733	94.55	127.21	89.96
413	13.767	94.86	126.52	89.75
414	13.8	95.12	126.71	89.96
415	13.833	95.18	127.68	90.28
416	13.867	94.5	127.01	90.68
417	13.9	94.16	128.35	88.96
418	13.933	94.4	127.83	90.0
419	13.967	94.15	126.6	90.12
420	14.0	93.59	124.35	89.31
421	14.033	93.64	123.8	89.1
422	14.067	93.04	121.4	88.73
423	14.1	93.44	118.9	88.56
424	14.133	93.17	117.75	88.47
425	14.167	93.82	117.18	87.66
426	14.2	93.92	117.06	87.82
427	14.233	93.14	114.49	89.12
428	14.267	92.8	111.83	87.89
429	14.3	92.44	111.28	87.32
430	14.333	91.78	111.85	86.31
431	14.367	91.35	110.69	86.06
432	14.4	90.35	112.03	86.14
433	14.433	90.55	113.84	84.8
434	14.467	89.27	115.26	85.21
435	14.5	88.38	118.49	84.61
436	14.533	86.24	118.04	86.61
437	14.567	85.62	116.01	87.86
438	14.6	85.36	119.39	90.03
439	14.633	84.49	115.7	90.98
440	14.667	85.05	114.11	91.54
441	14.7	86.22	113.58	92.56
442	14.733	87.97	116.57	91.82
443	14.767	87.7	118.96	91.05
444	14.8	88.22	120.25	92.24
445	14.833	88.26	118.17	91.72
446	14.867	87.35	115.57	90.73
447	14.9	88.23	115.18	91.34
448	14.933	87.88	113.34	91.09
449	14.967	88.06	114.89	93.35
450	15.0	88.4	114.95	92.5
451	15.033	88.39	110.37	91.51
452	15.067	88.46	111.43	91.26
453	15.1	89.2	114.06	90.44
454	15.133	90.4	113.07	93.16
455	15.167	91.46	113.77	93.8
456	15.2	91.69	112.72	94.14
457	15.233	92.52	113.92	92.94
458	15.267	93.16	115.05	92.28
459	15.3	93.0	113.83	92.27
460	15.333	93.77	114.85	92.2
461	15.367	93.55	113.88	92.56
462	15.4	93.44	113.06	92.46
463	15.433	93.99	113.57	92.44
464	15.467	94.28	113.94	92.55
465	15.5	94.4	115.07	93.45
466	15.533	94.53	113.74	93.92
467	15.567	94.48	114.86	95.24
468	15.6	95.21	118.07	94.91
469	15.633	95.26	118.47	94.78
470	15.667	95.0	114.95	94.7
471	15.7	95.15	114.22	95.92
472	15.733	95.18	117.13	95.8
473	15.767	94.35	115.82	95.49
474	15.8	94.29	114.63	94.49
475	15.833	94.26	115.92	94.6
476	15.867	94.21	115.66	95.24
477	15.9	94.17	117.76	95.33
478	15.933	93.91	117.23	95.86
479	15.967	94.12	117.22	96.6
480	16.0	93.97	119.68	99.15
481	16.033	94.23	118.87	98.44
482	16.067	94.14	118.38	98.73
483	16.1	94.1	116.92	99.68
484	16.133	93.74	113.91	99.08
485	16.167	93.47	113.7	99.09
486	16.2	93.5	113.94	100.26
487	16.233	93.56	112.93	100.65
488	16.267	93.76	111.77	100.08
489	16.3	93.87	109.04	100.06
490	16.333	93.51	107.69	100.22
491	16.367	93.6	107.8	99.56
492	16.4	93.73	108.68	98.43
493	16.433	94.57	108.36	97.51
494	16.467	94.81	109.81	97.97
495	16.5	94.48	109.11	97.55
496	16.533	95.22	106.22	98.48
497	16.567	94.84	106.39	98.96
498	16.6	95.09	105.65	99.73
499	16.633	94.51	103.77	99.35
500	16.667	96.17	110.0	100.95
501	16.7	97.31	112.08	103.39
502	16.733	97.04	112.12	105.01
503	16.767	96.72	110.05	105.95
504	16.8	96.46	111.42	107.16
505	16.833	96.74	110.01	108.18
506	16.867	97.22	110.85	107.37
507	16.9	99.97	116.53	104.58
508	16.933	99.51	121.68	110.51
509	16.967	100.76	123.55	107.59
510	17.0	100.8	122.82	109.45
511	17.033	100.13	121.91	107.9
512	17.067	100.76	123.81	108.49
513	17.1	100.29	124.84	112.43
514	17.133	98.9	123.93	116.32
515	17.167	98.5	123.23	120.03
516	17.2	98.05	123.73	119.3
517	17.233	97.14	121.65	117.32
518	17.267	97.15	119.25	117.02
519	17.3	97.39	118.38	115.5
520	17.333	96.57	117.74	113.8
521	17.367	96.0	118.65	108.55
522	17.4	97.03	109.33	104.76
523	17.433	97.1	119.95	101.35
524	17.467	96.82	112.31	94.74
525	17.5	96.94	111.96	93.37
526	17.533	96.58	111.39	97.5
527	17.567	95.42	113.41	94.72
528	17.6	95.14	119.03	95.07
529	17.633	94.92	117.27	92.97
530	17.667	94.97	115.52	95.24
531	17.7	94.86	115.06	96.18
532	17.733	95.48	115.44	100.08
533	17.767	95.56	115.9	102.62
534	17.8	97.07	123.73	105.33
535	17.833	97.39	123.4	104.43
536	17.867	95.99	122.37	115.31
537	17.9	95.62	121.97	113.58
538	17.933	96.58	124.52	111.28
539	17.967	97.27	120.49	114.28
540	18.0	97.73	121.66	114.87
541	18.033	98.08	121.16	114.44
542	18.067	97.93	121.8	113.53
543	18.1	96.98	121.21	119.37
544	18.133	97.18	120.46	116.73
545	18.167	97.7	116.34	116.31
546	18.2	97.82	118.58	116.99
547	18.233	97.52	118.11	116.54
548	18.267	96.92	115.85	117.05
549	18.3	98.15	115.43	115.58
550	18.333	99.83	118.3	110.4
551	18.367	99.07	111.47	101.24
552	18.4	98.34	111.67	97.87
553	18.433	98.18	112.09	97.79
554	18.467	92.28	89.32	81.0
555	18.5	95.35	109.67	84.78
556	18.533	93.87	109.6	86.23
557	18.567	92.81	108.16	84.01
558	18.6	94.01	113.25	85.61
559	18.633	95.16	110.78	91.12
560	18.667	95.67	110.34	95.59
561	18.7	96.49	110.3	95.66
562	18.733	95.74	108.98	98.2
563	18.767	96.21	112.41	100.96
564	18.8	95.51	110.96	102.22
565	18.833	96.53	109.17	107.34
566	18.867	96.07	109.88	104.99
567	18.9	98.23	113.2	104.83
568	18.933	99.88	111.91	102.01
569	18.967	99.57	116.77	98.19
570	19.0	98.79	113.84	96.55
571	19.033	98.24	114.89	95.75
572	19.067	99.86	120.52	96.86
573	19.1	97.33	108.77	96.8
574	19.133	97.47	110.85	96.42
575	19.167	96.78	111.16	98.94
576	19.2	96.29	113.02	92.92
577	19.233	96.28	111.27	92.56
578	19.267	98.83	122.72	100.19
579	19.3	99.66	125.97	101.57
580	19.333	102.33	130.76	105.42
581	19.367	101.06	128.31	101.18
582	19.4	99.73	125.85	102.95
583	19.433	99.75	124.14	106.16
584	19.467	100.23	126.45	103.8
585	19.5	99.38	122.13	103.55
586	19.533	99.31	121.43	101.11
587	19.567	98.64	123.63	103.68
588	19.6	98.6	122.33	99.86
589	19.633	98.82	109.17	96.52
590	19.667	98.91	110.35	94.22
591	19.7	98.23	111.99	91.91
592	19.733	97.89	112.77	92.07
593	19.767	97.72	114.56	94.41
594	19.8	97.84	114.5	98.51
595	19.833	97.23	113.99	98.94
596	19.867	95.6	111.03	100.11
597	19.9	98.85	124.3	110.89
598	19.933	98.92	124.58	117.61
599	19.967	98.33	125.45	117.71
600	20.0	98.19	125.67	117.68
601	20.033	97.37	129.85	119.0
602	20.067	95.77	115.73	107.54
603	20.1	95.37	115.95	105.32
604	20.133	97.87	125.79	109.23
605	20.167	95.36	122.84	100.94
606	20.2	96.13	111.58	102.19
607	20.233	96.86	113.59	106.73
608	20.267	96.55	116.98	106.34
609	20.3	97.07	124.03	107.09
610	20.333	95.92	113.69	106.53
611	20.367	96.36	112.19	107.27
612	20.4	97.57	111.77	109.03
613	20.433	97.68	112.14	107.92
614	20.467	98.26	110.57	107.11
615	20.5	97.76	105.53	109.44
616	20.533	98.15	104.65	109.34
617	20.567	99.07	105.47	109.97
618	20.6	98.82	107.26	107.8
619	20.633	99.0	107.15	108.01
620	20.667	98.48	108.28	107.64
621	20.7	99.41	109.86	110.15
622	20.733	98.54	112.73	109.54
623	20.767	99.1	111.72	111.04
624	20.8	99.18	107.94	114.94
625	20.833	97.84	114.75	117.78
626	20.867	97.5	113.25	117.71
627	20.9	97.74	112.68	116.16
628	20.933	95.21	113.7	109.7
629	20.967	96.61	113.63	108.34
630	21.0	96.72	115.49	107.39
631	21.033	98.04	108.86	110.14
632	21.067	100.02	108.1	110.37
633	21.1	98.69	104.07	110.83
634	21.133	98.9	106.81	112.55
635	21.167	100.01	103.91	110.46
636	21.2	100.42	117.45	112.2
637	21.233	100.29	114.13	115.17
638	21.267	98.03	119.17	117.35
639	21.3	97.9	116.58	118.86
640	21.333	97.97	114.87	116.4
641	21.367	95.57	104.2	119.94
642	21.4	97.82	118.05	120.47
643	21.433	94.83	119.64	120.14
644	21.467	93.52	116.93	114.11
645	21.5	93.54	114.18	116.11
646	21.533	92.73	110.14	115.38
647	21.567	91.67	106.96	108.14
648	21.6	92.02	108.75	101.51
649	21.633	88.37	96.24	94.72
650	21.667	89.07	93.03	93.45
651	21.7	95.12	90.3	98.21
652	21.733	92.64	94.72	101.21
653	21.767	84.23	94.11	100.74
654	21.8	96.03	103.77	112.35
655	21.833	94.36	111.02	110.75
656	21.867	92.57	115.01	117.25
657	21.9	92.67	102.55	122.12
658	21.933	92.15	111.31	124.06
659	21.967	91.98	111.96	122.23
660	22.0	93.98	111.25	121.76
661	22.033	93.19	111.42	121.01
662	22.067	92.43	111.31	120.06
663	22.1	93.94	100.89	123.69
664	22.133	92.64	99.0	125.08
665	22.167	92.82	99.35	124.14
666	22.2	89.48	108.71	122.53
667	22.233	90.17	109.17	122.02
668	22.267	90.92	109.07	122.29
669	22.3	91.55	108.94	124.15
670	22.333	93.9	101.92	124.69
671	22.367	93.6	100.91	122.91
672	22.4	94.04	102.66	122.46
673	22.433	93.9	103.81	121.55
674	22.467	90.62	113.74	116.58
675	22.5	91.8	115.1	113.18
676	22.533	97.54	112.1	118.29
677	22.567	93.09	119.36	111.06
678	22.6	93.95	119.54	108.16
679	22.633	94.58	121.18	104.96
680	22.667	95.34	119.94	106.01
681	22.7	97.62	112.61	109.83
682	22.733	96.01	118.9	100.97
683	22.767	97.6	116.02	107.84
684	22.8	97.46	117.52	107.99
685	22.833	97.23	118.93	106.89
686	22.867	97.06	119.0	107.91
687	22.9	97.52	116.51	108.45
688	22.933	96.77	124.11	103.52
689	22.967	98.29	118.81	109.68
690	23.0	99.15	120.05	108.73
691	23.033	99.22	120.3	107.31
692	23.067	99.6	119.23	107.2
693	23.1	99.89	119.17	106.67
694	23.133	99.59	117.71	107.4
695	23.167	100.09	118.27	107.19
696	23.2	100.39	120.55	104.2
697	23.233	100.69	120.52	102.33
698	23.267	100.82	120.46	102.85
699	23.3	100.81	116.58	102.72
700	23.333	100.0	120.45	99.85
701	23.367	100.09	119.15	101.05
702	23.4	99.89	118.89	99.86
703	23.433	100.1	122.42	99.94
704	23.467	99.77	123.0	99.2
705	23.5	99.76	118.93	99.0
706	23.533	100.62	117.37	102.2
707	23.567	100.11	119.04	102.86
708	23.6	99.72	120.09	102.62
709	23.633	100.18	120.79	102.86
710	23.667	100.07	121.91	104.87
711	23.7	99.7	120.8	106.64
712	23.733	99.78	121.85	106.98
713	23.767	99.97	120.03	107.2
714	23.8	100.14	119.28	106.44
715	23.833	100.18	118.56	106.13
716	23.867	100.45	119.1	106.61
717	23.9	100.27	119.65	106.54
718	23.933	100.0	117.66	107.15
719	23.967	99.84	118.14	108.25
720	24.0	99.98	116.74	109.24
721	24.033	98.04	124.24	107.52
722	24.067	97.7	122.79	111.62
723	24.1	98.0	122.49	114.35
724	24.133	100.57	115.71	112.46
725	24.167	98.47	121.85	115.66
726	24.2	99.04	125.71	114.22
727	24.233	98.74	125.38	113.36
728	24.267	98.85	124.79	113.3
729	24.3	98.61	125.55	112.68
730	24.333	99.24	116.26	109.36
731	24.367	98.49	115.69	109.2
732	24.4	97.18	124.93	115.13
733	24.433	98.07	117.08	109.29
734	24.467	97.32	115.65	110.28
735	24.5	97.31	118.98	110.7
736	24.533	97.3	119.69	109.5
737	24.567	97.11	120.22	109.91
738	24.6	96.36	119.55	109.95
739	24.633	95.19	118.72	108.96
740	24.667	94.89	116.6	108.83
741	24.7	94.57	115.39	105.49
742	24.733	94.01	116.21	96.93
743	24.767	93.49	116.11	97.29
744	24.8	93.4	116.91	96.35
745	24.833	93.56	117.32	96.94
746	24.867	94.14	117.25	96.11
747	24.9	91.2	123.17	97.22
748	24.933	88.84	101.4	86.27
749	24.967	89.8	102.04	86.91
750	25.0	89.7	104.5	88.98
751	25.033	89.12	104.93	87.64
752	25.067	93.92	125.39	103.76
753	25.1	94.32	125.94	103.03
754	25.133	95.76	120.71	103.31
755	25.167	94.39	125.1	105.88
756	25.2	93.4	123.53	104.95
757	25.233	93.19	120.0	111.03
758	25.267	95.19	116.6	108.01
759	25.3	95.23	115.15	105.24
760	25.333	96.3	115.56	103.83
761	25.367	97.98	117.29	105.81
762	25.4	98.23	117.44	104.85
763	25.433	97.92	117.73	105.55
764	25.467	97.79	119.62	107.12
765	25.5	97.06	120.6	106.48
766	25.533	95.77	118.39	111.27
767	25.567	94.53	118.31	109.63
768	25.6	94.51	122.7	107.87
769	25.633	94.26	123.98	103.65
770	25.667	92.72	131.42	107.25
771	25.7	93.2	130.04	104.54
772	25.733	93.9	129.07	101.3
773	25.767	91.59	109.96	91.83
774	25.8	90.21	105.09	86.12
775	25.833	89.15	103.93	87.15
776	25.867	89.46	105.01	88.97
777	25.9	89.41	105.95	89.12
778	25.933	89.58	106.09	91.75
779	25.967	89.64	106.87	95.54
780	26.0	93.97	122.48	103.3
781	26.033	94.13	120.38	108.81
782	26.067	94.51	121.1	112.63
783	26.1	94.76	123.58	111.94
784	26.133	94.85	122.29	112.06
785	26.167	94.65	120.39	112.21
786	26.2	95.32	118.44	111.71
787	26.233	95.34	116.03	111.32
788	26.267	95.32	116.03	111.28
789	26.3	95.23	116.3	111.32
790	26.333	95.06	116.77	112.66
791	26.367	94.6	115.74	112.71
792	26.4	94.4	116.0	111.88
793	26.433	94.26	115.6	110.2
794	26.467	94.64	115.14	111.45
795	26.5	94.69	115.33	112.39
796	26.533	94.49	112.37	112.08
797	26.567	94.36	115.66	112.85
798	26.6	94.24	116.26	111.88
799	26.633	94.53	115.54	112.5
800	26.667	95.14	115.73	113.04
801	26.7	95.03	113.57	111.4
802	26.733	94.96	112.62	109.81
803	26.767	94.92	113.28	109.88
804	26.8	95.44	115.53	111.07
805	26.833	95.95	116.24	110.78
806	26.867	95.66	118.08	109.86
807	26.9	96.77	120.35	106.09
808	26.933	91.46	105.31	98.85
809	26.967	91.67	107.49	97.05
810	27.0	91.02	104.97	96.77
811	27.033	88.94	104.39	89.48
812	27.067	88.1	100.53	85.82
813	27.1	89.02	102.94	85.29
814	27.133	90.02	100.35	83.81
815	27.167	89.97	97.17	86.55
816	27.2	90.04	103.07	90.33
817	27.233	89.47	103.07	89.87
818	27.267	88.76	102.6	90.53
819	27.3	88.72	102.14	93.72
820	27.333	89.16	103.56	92.01
821	27.367	90.01	102.81	90.55
822	27.4	90.36	103.33	89.39
823	27.433	90.49	102.75	88.26
824	27.467	89.66	104.56	87.21
825	27.5	89.15	105.93	90.45
826	27.533	88.68	106.86	96.78
827	27.567	93.23	121.02	109.81
828	27.6	94.27	121.85	118.41
829	27.633	95.03	122.0	117.76
830	27.667	93.79	118.64	114.98
831	27.7	93.95	119.75	116.12
832	27.733	94.01	120.38	116.17
833	27.767	94.0	119.92	116.73
834	27.8	93.73	121.66	116.77
835	27.833	93.45	122.84	116.25
836	27.867	92.91	123.55	115.32
837	27.9	92.03	121.6	115.04
838	27.933	91.69	119.74	115.67
839	27.967	91.49	119.07	116.78
840	28.0	92.03	119.28	117.25
841	28.033	91.81	118.9	116.7
842	28.067	91.33	117.23	115.54
843	28.1	91.43	116.19	115.71
844	28.133	91.61	117.05	115.27
845	28.167	91.88	117.35	115.7
846	28.2	92.21	118.67	116.29
847	28.233	91.55	117.31	115.57
848	28.267	91.09	116.74	115.49
849	28.3	90.72	116.85	115.44
850	28.333	90.73	116.95	114.44
851	28.367	90.95	117.87	114.93
852	28.4	91.6	119.23	115.44
853	28.433	91.81	116.52	115.67
854	28.467	92.16	116.39	116.28
855	28.5	91.8	115.86	116.13
856	28.533	91.29	114.99	115.88
857	28.567	90.65	114.52	115.14
858	28.6	89.8	113.34	114.97
859	28.633	88.71	114.47	114.13
860	28.667	88.98	114.69	114.12
861	28.7	88.71	113.91	114.5
862	28.733	89.0	114.42	113.51
863	28.767	88.98	116.18	113.18
864	28.8	89.29	115.53	113.19
865	28.833	90.2	117.54	113.49
866	28.867	90.5	114.98	112.67
867	28.9	90.79	113.33	113.41
868	28.933	90.82	113.06	112.46
869	28.967	90.99	112.26	112.88
870	29.0	91.26	113.64	114.38
871	29.033	91.1	114.32	113.54
872	29.067	91.56	116.46	113.99
873	29.1	91.94	118.02	115.21
874	29.133	92.44	117.78	114.4
875	29.167	93.04	117.47	114.49
876	29.2	93.23	118.88	114.53
877	29.233	93.89	119.12	114.15
878	29.267	91.17	110.32	106.21
879	29.3	94.28	120.73	113.5
880	29.333	95.0	122.01	112.92
881	29.367	95.14	121.27	112.23
882	29.4	94.88	120.05	110.72
883	29.433	91.47	109.38	104.14
884	29.467	94.85	120.33	106.89
885	29.5	91.4	110.89	99.94
886	29.533	91.88	110.03	96.49
887	29.567	91.38	110.58	92.72
888	29.6	92.58	112.1	93.95
889	29.633	92.62	110.29	93.09
890	29.667	93.36	111.6	95.64
891	29.7	93.3	110.48	93.84
892	29.733	92.64	106.45	92.56
893	29.767	92.49	107.76	93.54
894	29.8	92.9	107.24	95.06
895	29.833	92.66	104.55	94.11
896	29.867	92.91	107.83	95.18
897	29.9	92.94	109.19	94.39
898	29.933	92.68	107.32	94.72
899	29.967	92.23	104.63	95.55
900	30.0	92.5	108.73	96.67
901	30.033	92.65	112.21	100.47
902	30.067	93.04	114.6	101.03
903	30.1	93.23	114.5	99.84
904	30.133	93.04	113.66	98.34
905	30.167	93.39	113.91	96.65
906	30.2	93.51	111.88	93.6
907	30.233	93.38	107.98	90.93
908	30.267	93.76	107.98	89.02
909	30.3	93.87	104.76	90.68
910	30.333	94.21	102.68	91.63
911	30.367	93.8	104.04	90.87
912	30.4	92.88	102.24	91.25
913	30.433	92.66	102.66	91.53
914	30.467	92.04	100.38	90.19
915	30.5	91.83	98.21	90.7
916	30.533	91.86	98.21	89.47
917	30.567	91.83	95.54	90.2
918	30.6	91.68	93.06	89.93
919	30.633	91.47	92.34	88.12
920	30.667	91.72	94.03	88.04
921	30.7	91.64	93.73	88.77
922	30.733	91.49	96.0	87.04
923	30.767	91.61	97.23	87.12
924	30.8	91.45	97.74	87.58
925	30.833	91.46	96.1	88.6
926	30.867	91.25	94.04	86.9
927	30.9	90.87	94.8	86.82
928	30.933	90.73	96.26	85.57
929	30.967	91.09	96.74	85.71
930	31.0	90.95	93.53	86.19
931	31.033	90.78	95.54	87.97
932	31.067	90.46	95.06	87.8
933	31.1	90.08	94.26	87.78
934	31.133	90.41	97.78	86.81
935	31.167	90.16	97.44	86.32
936	31.2	90.04	97.76	86.6
937	31.233	90.32	100.14	87.86
938	31.267	90.23	101.23	87.61
939	31.3	90.5	101.12	87.04
940	31.333	90.08	96.62	87.19
941	31.367	89.99	96.42	85.67
942	31.4	90.07	97.16	85.05
943	31.433	89.92	96.32	84.9
944	31.467	89.59	97.56	85.11
945	31.5	89.58	97.2	86.42
946	31.533	89.79	101.77	86.81
947	31.567	89.59	103.82	88.85
948	31.6	89.73	104.45	89.34
949	31.633	89.44	99.94	88.67
950	31.667	89.35	95.96	87.62
951	31.7	89.42	92.98	87.17
952	31.733	90.94	91.71	87.49
953	31.767	90.83	91.83	88.67
954	31.8	90.69	90.66	91.33
955	31.833	91.33	92.62	94.61
956	31.867	90.36	95.23	99.24
957	31.9	89.93	98.58	102.05
958	31.933	90.8	102.0	103.32
959	31.967	91.35	101.98	104.13
960	32.0	91.55	96.46	102.78
961	32.033	91.54	96.01	102.95
962	32.067	91.21	100.94	107.88
963	32.1	91.32	102.2	107.77
964	32.133	95.21	115.37	111.98
965	32.167	96.03	116.21	113.85
966	32.2	96.66	117.63	112.8
967	32.233	96.64	118.39	112.99
968	32.267	95.59	118.39	112.77
969	32.3	95.51	122.09	112.51
970	32.333	87.91	112.08	106.24
971	32.367	87.65	112.7	103.29
972	32.4	82.7	115.14	98.38
973	32.433	82.24	115.98	95.83
974	32.467	89.44	116.82	95.41
975	32.5	93.23	118.34	93.36
976	32.533	95.09	118.18	91.74
977	32.567	97.27	115.58	91.66
978	32.6	99.39	116.26	92.89
979	32.633	99.24	114.58	91.8
980	32.667	99.37	114.88	89.93
981	32.7	98.44	116.64	92.33
982	32.733	103.49	117.83	94.01
983	32.767	106.13	118.7	96.61
984	32.8	104.39	117.44	99.5
985	32.833	104.03	119.25	101.37
986	32.867	105.7	118.34	101.7
987	32.9	108.42	126.46	104.57
988	32.933	108.63	126.73	106.91
989	32.967	108.26	127.61	107.58
990	33.0	108.39	126.19	107.79
991	33.033	107.22	126.66	107.92
992	33.067	105.88	128.0	108.11
993	33.1	106.26	128.29	109.13
994	33.133	106.14	127.24	109.52
995	33.167	105.11	126.76	108.87
996	33.2	104.67	126.19	109.31
997	33.233	104.54	125.5	107.62
998	33.267	104.71	126.53	107.16
999	33.3	104.42	125.87	107.14
1000	33.333	104.41	122.01	107.34
1001	33.367	104.58	123.71	107.06
1002	33.4	103.86	122.21	106.98
1003	33.433	107.1	127.06	105.42
1004	33.467	103.83	120.63	104.88
1005	33.5	103.67	120.01	105.21
1006	33.533	103.77	120.58	104.54
1007	33.567	103.88	119.37	105.1
1008	33.6	106.13	122.96	105.61
1009	33.633	105.37	123.85	102.63
1010	33.667	104.37	122.84	100.48
1011	33.7	103.75	123.09	97.73
1012	33.733	102.52	121.2	96.19
1013	33.767	101.4	118.44	97.61
1014	33.8	100.5	119.86	96.0
1015	33.833	100.02	120.92	96.77
1016	33.867	99.69	120.34	95.28
1017	33.9	99.77	120.84	96.01
1018	33.933	99.91	120.85	96.9
1019	33.967	100.38	122.93	94.98
1020	34.0	101.09	124.38	94.77
1021	34.033	101.39	123.12	95.22
1022	34.067	101.21	122.32	96.19
1023	34.1	101.06	124.74	95.2
1024	34.133	101.02	123.24	94.91
1025	34.167	101.29	125.32	94.7
1026	34.2	101.27	125.78	95.64
1027	34.233	101.81	128.37	95.71
1028	34.267	102.42	130.25	95.5
1029	34.3	98.02	113.61	88.41
1030	34.333	102.99	130.47	95.38
1031	34.367	102.75	129.47	93.76
1032	34.4	97.81	115.27	87.93
1033	34.433	102.82	132.11	94.3
1034	34.467	97.66	116.82	88.28
1035	34.5	97.42	117.54	90.26
1036	34.533	97.17	116.92	88.59
1037	34.567	96.53	116.98	87.89
1038	34.6	95.62	116.12	88.34
1039	34.633	95.78	115.86	88.1
1040	34.667	95.58	115.77	87.66
1041	34.7	95.36	114.9	85.47
1042	34.733	95.18	116.47	84.57
1043	34.767	95.33	118.39	84.72
1044	34.8	95.37	118.75	83.09
1045	34.833	101.06	134.33	89.89
1046	34.867	101.04	134.63	90.15
1047	34.9	101.68	134.42	89.66
1048	34.933	101.59	133.87	91.42
1049	34.967	101.86	134.23	91.72
1050	35.0	101.63	133.77	90.15
1051	35.033	95.98	115.3	84.02
1052	35.067	96.2	115.78	83.95
1053	35.1	96.71	114.65	83.78
1054	35.133	95.93	114.09	83.66
1055	35.167	96.42	113.82	82.49
1056	35.2	96.53	115.35	80.7
1057	35.233	97.9	117.68	81.07
1058	35.267	98.32	119.19	80.84
1059	35.3	97.99	118.5	80.09
1060	35.333	97.96	118.46	81.0
1061	35.367	97.85	118.36	81.26
1062	35.4	97.15	116.96	81.11
