Frame	Time	R_Eye-Ear-Vertical	R_Wrist-Elbow-Shoulder	R_Hip-Knee-Ankle	R_Chin_Angle
1	0.034	178.67	78.16	70.26	106.1
2	0.069	177.94	77.61	68.17	104.86
3	0.103	177.7	75.71	70.67	104.12
4	0.138	177.79	74.87	73.13	104.36
5	0.172	176.23	73.18	61.73	110.98
6	0.207	177.22	76.68	70.88	103.23
7	0.241	176.16	74.41	63.64	109.65
8	0.276	176.19	75.09	62.2	109.52
9	0.31	175.85	73.8	63.43	110.72
10	0.345	176.22	73.28	62.81	110.43
11	0.379	176.02	73.17	62.99	110.84
12	0.414	176.35	73.89	65.84	109.95
13	0.448	176.4	75.35	68.46	110.38
14	0.483	176.36	75.35	67.11	110.71
15	0.517	176.28	75.48	66.27	110.24
16	0.552	176.13	76.07	66.06	109.87
17	0.586	176.25	75.38	66.0	109.87
18	0.621	176.19	74.42	67.58	110.84
19	0.655	176.15	74.22	68.18	111.15
20	0.69	176.45	73.29	68.19	111.5
21	0.724	176.37	73.4	69.49	112.24
22	0.759	176.22	71.94	66.66	112.37
23	0.793	175.89	72.64	67.07	111.83
24	0.828	175.79	74.97	68.98	111.94
25	0.862	176.06	74.28	69.79	112.45
26	0.897	176.19	74.21	70.11	111.84
27	0.931	176.18	73.13	69.07	112.25
28	0.966	176.16	73.83	68.83	113.03
29	1.0	176.52	73.88	70.6	113.1
30	1.034	176.23	74.21	72.27	113.3
31	1.069	176.23	74.92	73.05	113.69
32	1.103	177.18	77.23	87.76	105.5
33	1.138	179.67	77.33	87.12	109.88
34	1.172	179.58	76.78	90.62	109.7
35	1.207	176.69	77.12	94.0	104.61
36	1.241	176.99	75.95	98.81	105.51
37	1.276	177.85	71.48	113.24	100.64
38	1.31	178.54	71.93	108.62	100.89
39	1.345	178.35	72.01	101.67	100.52
40	1.379	178.86	72.21	101.18	101.47
41	1.414	178.96	72.75	97.73	101.78
42	1.448	178.54	72.08	98.8	101.51
43	1.483	176.52	75.1	105.77	100.7
44	1.517	176.83	74.59	106.65	100.63
45	1.552	176.65	74.65	108.99	101.15
46	1.586	177.02	74.26	108.3	101.42
47	1.621	176.99	74.71	106.24	101.68
48	1.655	177.24	74.56	106.44	101.55
49	1.69	177.2	74.16	104.38	101.74
50	1.724	177.05	74.34	101.93	101.58
51	1.759	176.96	74.36	102.68	101.97
52	1.793	176.94	74.83	101.95	102.26
53	1.828	177.04	75.13	102.37	101.94
54	1.862	177.39	74.47	105.47	102.04
55	1.897	177.0	75.22	97.3	101.75
56	1.931	176.8	72.69	87.17	100.53
57	1.966	176.75	72.82	82.54	101.46
58	2.0	176.11	73.51	78.92	100.16
59	2.034	176.73	74.16	74.46	99.63
60	2.069	176.09	75.72	70.02	104.16
61	2.103	179.57	74.12	74.4	108.73
62	2.138	179.74	73.99	82.69	109.26
63	2.172	176.78	77.08	78.49	105.43
64	2.207	177.56	72.12	63.23	111.76
65	2.241	177.25	71.28	64.7	112.65
66	2.276	177.41	71.1	65.35	111.94
67	2.31	177.83	73.47	64.32	111.12
68	2.345	177.1	72.36	65.53	111.63
69	2.379	176.55	73.33	64.76	112.58
70	2.414	177.01	72.21	66.88	112.16
71	2.448	176.88	72.25	64.89	112.5
72	2.483	176.97	73.1	64.41	111.43
73	2.517	177.04	71.85	71.34	112.06
74	2.552	177.12	70.5	71.04	111.41
75	2.586	178.09	71.45	70.69	109.6
76	2.621	178.35	70.92	70.44	109.22
77	2.655	179.2	71.54	71.6	108.88
78	2.69	179.72	72.54	70.91	106.93
79	2.724	179.62	72.47	70.92	107.34
80	2.759	179.77	71.97	70.56	107.38
81	2.793	179.94	73.24	68.97	106.64
82	2.828	179.43	72.44	68.69	106.91
83	2.862	179.12	72.14	69.49	107.1
84	2.897	179.4	72.74	70.29	107.41
85	2.931	179.73	72.87	70.32	108.52
86	2.966	179.62	70.85	70.1	108.53
87	3.0	179.49	69.84	68.16	108.33
88	3.034	173.48	74.1	87.97	102.91
89	3.069	173.18	74.61	87.39	102.99
90	3.103	173.34	77.27	83.32	102.91
91	3.138	173.43	77.09	85.61	103.84
92	3.172	173.5	75.18	83.18	103.21
93	3.207	173.4	75.01	85.57	102.53
94	3.241	173.85	75.39	81.02	102.99
95	3.276	174.41	77.13	81.23	101.96
96	3.31	173.93	77.51	84.26	101.94
97	3.345	173.95	76.75	84.21	102.05
98	3.379	173.83	75.84	82.99	101.42
99	3.414	174.03	76.83	80.04	101.05
100	3.448	174.0	76.61	80.63	101.28
101	3.483	173.08	72.94	82.21	102.48
102	3.517	173.08	73.01	82.77	102.26
103	3.552	173.13	73.16	84.54	102.75
104	3.586	173.13	73.83	82.22	103.34
105	3.621	173.22	75.7	81.66	103.9
106	3.655	172.51	74.95	81.4	103.9
107	3.69	172.59	74.65	80.87	103.63
108	3.724	172.97	72.04	91.14	104.17
109	3.759	174.25	73.2	92.37	103.71
110	3.793	173.69	72.0	98.07	103.92
111	3.828	174.04	72.68	97.71	104.06
112	3.862	174.16	73.81	89.88	103.91
113	3.897	174.1	73.25	93.48	103.79
114	3.931	173.78	72.89	97.63	104.36
115	3.966	173.43	73.27	97.3	105.26
116	4.0	173.29	72.26	96.44	105.56
117	4.034	172.63	72.14	95.1	106.18
118	4.069	172.14	70.54	98.19	105.91
119	4.103	172.52	71.3	100.87	105.72
120	4.138	172.73	70.05	101.61	106.14
121	4.172	173.66	67.59	91.42	106.73
122	4.207	173.76	66.55	90.74	108.06
123	4.241	173.47	66.09	90.67	107.15
124	4.276	173.72	66.04	89.94	106.35
125	4.31	173.7	65.95	91.3	106.21
126	4.345	173.05	65.88	87.68	104.51
127	4.379	173.23	66.43	87.5	103.59
128	4.414	173.67	67.1	94.3	105.08
129	4.448	173.37	66.8	91.79	104.28
130	4.483	173.39	66.88	93.13	104.28
131	4.517	173.12	67.01	91.87	104.76
132	4.552	172.92	67.57	90.64	105.11
133	4.586	173.89	66.58	89.28	105.94
134	4.621	173.74	66.82	86.79	105.46
135	4.655	173.6	68.24	86.4	105.28
136	4.69	173.72	68.2	90.5	105.12
137	4.724	173.15	68.35	95.25	105.94
138	4.759	172.88	68.32	94.0	106.24
139	4.793	172.98	67.92	93.59	106.54
140	4.828	173.58	68.75	100.29	107.06
141	4.862	172.85	71.94	98.6	104.95
142	4.897	173.06	71.69	99.45	105.69
143	4.931	174.5	68.13	123.67	102.79
144	4.966	173.88	69.06	123.78	102.71
145	5.0	174.16	70.1	123.95	102.01
146	5.034	173.92	72.45	122.06	102.02
147	5.069	174.62	71.64	123.86	101.9
148	5.103	174.66	72.88	102.66	107.43
149	5.138	175.77	72.92	105.31	107.78
150	5.172	175.05	73.57	100.65	105.66
151	5.207	175.03	71.8	99.73	105.19
152	5.241	175.34	70.56	99.63	104.6
153	5.276	175.55	71.55	93.35	104.56
154	5.31	175.64	73.48	93.87	103.44
155	5.345	175.41	74.18	94.86	103.76
156	5.379	175.66	73.96	93.53	102.48
157	5.414	175.53	75.37	92.02	103.61
158	5.448	175.22	75.01	91.18	102.77
159	5.483	175.32	75.11	92.97	102.0
160	5.517	174.66	76.72	92.41	101.46
161	5.552	174.6	76.15	92.69	101.9
162	5.586	174.94	75.54	92.26	102.31
163	5.621	175.0	75.56	90.52	102.0
164	5.655	174.74	76.47	90.04	101.03
165	5.69	174.94	76.43	88.42	101.28
166	5.724	175.01	78.14	86.65	100.88
167	5.759	174.84	77.13	86.01	99.66
168	5.793	175.51	78.43	82.25	100.12
169	5.828	175.16	79.4	84.75	101.11
170	5.862	175.44	79.56	85.35	100.76
171	5.897	175.56	81.64	82.25	101.15
172	5.931	175.85	80.69	77.41	101.33
173	5.966	176.07	82.06	78.13	102.23
174	6.0	175.75	80.93	78.42	103.0
175	6.034	175.26	79.97	76.97	103.6
176	6.069	175.58	79.3	82.42	103.98
177	6.103	175.81	79.92	84.55	104.06
178	6.138	176.44	78.44	84.93	104.61
179	6.172	175.77	78.05	86.1	104.72
180	6.207	175.9	78.1	83.12	104.57
181	6.241	175.55	79.54	80.73	103.9
182	6.276	175.51	79.23	84.1	104.39
183	6.31	175.42	81.0	84.24	104.32
184	6.345	175.6	81.47	83.87	104.79
185	6.379	175.42	80.88	83.2	104.29
186	6.414	174.72	81.63	83.91	103.8
187	6.448	176.36	77.23	90.43	104.25
188	6.483	176.46	77.59	90.78	103.95
189	6.517	174.17	81.83	87.01	100.9
190	6.552	173.43	81.73	83.37	99.92
191	6.586	173.04	81.68	79.62	100.27
192	6.621	172.75	81.68	76.53	100.42
193	6.655	173.38	79.31	72.96	102.18
194	6.69	173.09	80.38	73.23	102.84
195	6.724	172.57	78.08	75.87	103.45
196	6.759	173.76	72.98	85.89	106.55
197	6.793	173.96	72.06	86.53	108.53
198	6.828	172.44	75.3	85.39	108.15
199	6.862	173.34	73.29	86.19	109.9
200	6.897	173.73	71.65	88.63	111.19
201	6.931	174.6	69.14	87.35	112.99
202	6.966	174.26	67.49	85.52	113.24
203	7.0	174.3	67.43	84.07	113.4
204	7.034	174.57	67.63	84.18	114.73
205	7.069	173.85	66.72	80.9	115.3
206	7.103	173.75	65.94	82.72	115.51
207	7.138	173.78	66.08	81.31	116.89
208	7.172	174.49	61.0	87.87	117.21
209	7.207	172.88	63.37	82.68	117.29
210	7.241	172.38	62.71	83.04	117.62
211	7.276	171.98	64.32	79.32	117.83
212	7.31	172.05	65.15	84.73	118.64
213	7.345	171.94	66.1	84.25	119.6
214	7.379	171.38	66.36	87.93	120.03
215	7.414	172.34	64.78	91.98	121.54
216	7.448	172.64	65.35	92.94	122.1
217	7.483	173.13	62.05	93.87	122.49
218	7.517	173.45	62.17	95.94	124.18
219	7.552	173.03	62.99	96.17	124.32
220	7.586	172.8	64.15	92.64	124.22
221	7.621	173.2	65.16	89.4	124.89
222	7.655	173.32	64.89	91.17	124.55
223	7.69	172.5	67.1	96.97	111.58
224	7.724	171.64	67.51	105.69	111.83
225	7.759	170.82	68.87	110.14	110.65
226	7.793	169.67	68.91	117.76	109.14
227	7.828	170.24	66.91	115.57	108.73
228	7.862	173.11	65.0	115.61	121.68
229	7.897	172.81	67.74	135.31	111.25
230	7.931	175.51	64.24	136.5	113.18
231	7.966	173.9	67.99	136.94	110.82
232	8.0	173.7	67.47	139.39	110.97
233	8.034	174.97	68.62	137.44	110.46
234	8.069	175.03	68.18	133.86	111.4
235	8.103	174.63	68.35	137.57	110.99
236	8.138	173.12	70.12	135.85	109.11
237	8.172	173.72	72.53	138.7	110.14
238	8.207	173.73	74.02	139.22	109.61
239	8.241	172.29	73.45	140.23	110.57
240	8.276	173.16	72.57	144.35	111.91
241	8.31	174.97	68.16	141.49	110.12
242	8.345	175.07	71.09	142.49	111.83
243	8.379	175.33	71.26	141.16	111.2
244	8.414	175.65	72.17	142.35	112.65
245	8.448	176.51	70.52	143.51	113.65
246	8.483	176.96	70.07	142.07	113.56
247	8.517	177.6	69.05	143.92	114.73
248	8.552	177.79	68.67	143.64	114.56
249	8.586	177.92	69.36	144.54	114.28
250	8.621	177.34	69.65	142.64	114.75
251	8.655	177.27	69.58	141.55	114.16
252	8.69	177.34	69.32	141.23	113.68
253	8.724	176.38	70.17	133.29	114.55
254	8.759	175.35	71.87	136.91	114.1
255	8.793	174.48	71.9	135.87	113.55
256	8.828	174.15	73.4	135.69	114.93
257	8.862	173.81	73.99	137.09	114.93
258	8.897	174.2	73.35	139.37	115.53
259	8.931	174.73	71.25	138.4	116.21
260	8.966	174.6	71.79	139.05	114.68
261	9.0	174.75	71.65	138.83	113.9
262	9.034	174.93	71.85	139.64	113.61
263	9.069	175.23	71.31	142.23	113.5
264	9.103	175.18	70.96	142.86	113.87
265	9.138	175.03	69.49	148.73	112.94
266	9.172	175.76	69.69	150.48	112.31
267	9.207	175.58	69.21	150.8	111.72
268	9.241	174.97	69.58	148.5	110.53
269	9.276	174.97	70.15	149.33	110.98
270	9.31	174.73	71.46	147.0	112.79
271	9.345	175.08	70.41	146.33	113.36
272	9.379	174.88	69.55	145.28	113.02
273	9.414	175.52	69.9	147.72	113.44
274	9.448	175.27	70.9	147.29	112.93
275	9.483	174.62	70.86	145.66	112.92
276	9.517	174.86	71.56	144.22	110.65
277	9.552	178.18	66.62	138.13	115.3
278	9.586	178.53	64.39	140.74	116.05
279	9.621	179.67	64.5	139.86	115.24
280	9.655	177.25	64.59	143.12	110.68
281	9.69	177.01	63.91	142.08	111.36
282	9.724	176.66	62.95	142.4	112.04
283	9.759	171.84	69.11	140.76	106.96
284	9.793	171.71	68.43	140.46	105.32
285	9.828	172.07	68.02	138.74	105.37
286	9.862	172.04	66.85	136.63	105.07
287	9.897	171.68	67.48	137.1	104.49
288	9.931	171.76	66.01	137.19	104.43
289	9.966	171.32	68.02	139.9	106.99
290	10.0	176.51	63.14	137.49	110.17
291	10.034	179.64	63.92	131.32	115.12
292	10.069	179.09	65.52	131.39	116.01
293	10.103	173.07	72.41	135.12	110.1
294	10.138	173.58	73.71	135.45	111.03
295	10.172	174.56	72.16	136.84	111.74
296	10.207	174.7	73.84	135.98	111.65
297	10.241	174.55	72.48	134.26	111.23
298	10.276	174.7	73.0	133.51	111.55
299	10.31	174.96	73.51	133.59	111.29
300	10.345	175.2	74.34	133.29	111.17
301	10.379	176.78	66.67	133.1	109.98
302	10.414	173.95	73.81	131.12	110.12
303	10.448	173.46	74.11	129.76	109.83
304	10.483	173.22	74.62	129.13	109.91
305	10.517	173.94	74.45	129.51	110.71
306	10.552	174.09	74.19	129.18	112.11
307	10.586	173.38	72.48	128.53	111.14
308	10.621	173.05	68.06	125.31	112.78
309	10.655	174.03	64.42	124.12	114.23
310	10.69	175.86	59.34	123.55	114.95
311	10.724	173.89	53.77	124.29	112.77
312	10.759	173.36	51.43	124.0	111.09
313	10.793	172.77	54.1	122.0	109.38
314	10.828	172.8	54.98	121.94	109.98
315	10.862	173.2	57.44	120.63	110.34
316	10.897	174.28	59.13	121.2	112.12
317	10.931	174.33	62.22	121.24	112.49
318	10.966	174.34	63.77	120.15	113.16
319	11.0	175.43	63.78	119.14	113.66
320	11.034	175.69	63.4	115.35	113.96
321	11.069	176.81	63.53	113.11	114.21
322	11.103	177.73	62.54	112.96	115.01
323	11.138	178.16	63.24	112.43	114.68
324	11.172	177.21	62.68	114.06	113.77
325	11.207	176.97	64.15	118.12	112.6
326	11.241	177.59	64.98	118.97	114.9
327	11.276	177.31	65.44	118.46	114.51
328	11.31	176.88	66.64	117.34	114.97
329	11.345	177.35	66.32	119.83	114.82
330	11.379	177.47	66.32	120.79	115.32
331	11.414	176.63	64.89	120.14	114.83
332	11.448	179.89	62.87	124.18	114.86
333	11.483	176.38	65.49	120.92	114.72
334	11.517	179.66	64.73	127.85	115.21
335	11.552	178.94	65.0	134.98	114.2
336	11.586	177.15	66.99	129.05	115.3
337	11.621	177.85	66.57	130.69	114.47
338	11.655	177.98	67.87	132.69	114.65
339	11.69	177.81	67.16	133.69	114.15
340	11.724	178.2	69.03	131.93	113.97
341	11.759	177.73	69.07	132.83	113.57
342	11.793	177.6	68.89	133.81	113.83
343	11.828	177.63	71.5	134.67	113.2
344	11.862	176.84	70.93	129.92	110.29
345	11.897	176.82	71.79	129.88	107.81
346	11.931	176.58	72.96	132.13	106.24
347	11.966	179.59	76.37	141.95	108.59
348	12.0	179.46	77.34	141.14	110.9
349	12.034	179.39	77.77	137.63	109.95
350	12.069	179.93	77.32	137.03	107.97
351	12.103	177.52	80.53	145.48	106.34
352	12.138	177.39	83.68	151.61	107.48
353	12.172	177.32	82.96	151.29	106.42
354	12.207	177.05	83.39	146.56	107.53
355	12.241	175.9	81.66	145.88	107.39
356	12.276	175.39	80.66	146.25	107.53
357	12.31	176.17	80.34	148.26	108.42
358	12.345	176.35	78.02	148.06	108.26
359	12.379	176.88	77.89	147.85	109.2
360	12.414	177.45	76.85	147.85	108.52
361	12.448	177.15	78.04	146.77	109.04
362	12.483	177.92	79.05	147.82	109.12
363	12.517	177.55	79.93	149.15	108.46
364	12.552	176.85	80.72	149.3	108.66
365	12.586	176.9	78.9	149.29	108.09
366	12.621	176.76	78.38	149.03	107.91
367	12.655	177.5	79.66	150.13	108.11
368	12.69	178.32	77.63	137.79	115.85
369	12.724	177.14	80.14	149.86	108.5
370	12.759	177.17	80.76	150.81	107.92
371	12.793	176.17	80.45	148.48	108.37
372	12.828	176.41	79.73	147.11	107.72
373	12.862	175.35	79.8	145.46	108.24
374	12.897	175.41	78.9	142.91	107.82
375	12.931	176.11	76.98	141.62	108.86
376	12.966	175.89	76.35	139.32	108.84
377	13.0	175.63	76.0	138.59	109.97
378	13.034	175.88	76.18	139.08	109.62
379	13.069	175.85	76.16	138.91	109.66
380	13.103	175.95	74.8	140.06	109.2
381	13.138	175.22	73.45	141.15	109.06
382	13.172	175.42	73.77	140.56	109.25
383	13.207	175.79	73.56	140.14	108.57
384	13.241	176.19	74.42	140.36	107.96
385	13.276	175.32	75.35	140.18	107.27
386	13.31	175.02	75.44	139.04	106.93
387	13.345	179.64	72.27	138.87	110.61
388	13.379	179.95	73.1	139.12	110.44
389	13.414	179.11	72.67	138.75	110.18
390	13.448	179.57	71.52	139.73	109.59
391	13.483	178.91	70.39	138.89	109.98
392	13.517	172.81	73.21	141.16	105.72
393	13.552	173.0	72.12	143.36	105.29
394	13.586	178.72	70.52	137.64	121.53
395	13.621	177.34	69.15	139.13	124.69
396	13.655	174.53	67.6	146.8	105.86
397	13.69	174.87	65.64	145.02	106.15
398	13.724	174.67	65.49	144.06	107.06
399	13.759	174.81	63.34	144.42	107.86
400	13.793	175.53	62.42	145.56	108.84
401	13.828	175.5	62.48	145.84	109.15
402	13.862	176.7	60.93	147.9	109.41
403	13.897	175.35	58.93	147.39	107.81
404	13.931	178.0	64.55	145.32	112.0
405	13.966	179.74	67.66	146.04	111.73
406	14.0	179.86	65.78	146.36	110.82
407	14.034	177.56	71.19	143.48	108.94
408	14.069	176.81	69.74	143.09	106.44
409	14.103	176.97	67.14	133.69	121.8
410	14.138	177.24	63.75	133.04	120.93
411	14.172	178.52	62.32	131.46	118.52
412	14.207	179.38	59.62	130.59	117.7
413	14.241	174.09	61.89	140.84	101.71
414	14.276	174.71	61.54	142.14	101.17
415	14.31	175.29	62.16	142.26	102.8
416	14.345	175.29	61.67	142.74	102.54
417	14.379	174.9	61.56	143.31	102.13
418	14.414	177.48	61.57	132.45	122.45
419	14.448	175.36	61.26	142.42	102.68
420	14.483	177.56	62.44	132.57	122.44
421	14.517	175.57	62.24	143.59	103.41
422	14.552	175.75	62.24	143.69	104.28
423	14.586	176.52	62.04	144.74	104.78
424	14.621	176.28	62.42	144.39	104.77
425	14.655	176.5	62.79	144.91	104.92
426	14.69	176.19	62.49	143.83	105.04
427	14.724	176.35	61.91	144.33	104.54
428	14.759	176.75	62.33	145.99	104.59
429	14.793	177.25	62.45	146.01	104.87
430	14.828	176.62	62.8	146.18	104.61
431	14.862	175.73	64.64	145.22	103.56
432	14.897	176.32	63.63	144.97	104.67
433	14.931	176.97	64.12	145.33	105.39
434	14.966	178.15	66.05	145.16	107.51
435	15.0	178.56	66.34	146.21	108.57
436	15.034	178.63	63.43	146.41	108.77
437	15.069	178.83	61.34	147.59	109.35
438	15.103	178.74	63.22	145.87	110.44
439	15.138	178.54	63.87	146.64	110.72
440	15.172	177.51	64.89	145.41	109.89
441	15.207	177.21	65.42	145.23	109.19
442	15.241	177.83	65.21	145.04	109.65
443	15.276	178.27	64.1	147.16	107.98
444	15.31	176.64	67.86	144.65	107.1
445	15.345	175.67	67.45	145.55	105.21
446	15.379	174.54	64.53	144.49	102.24
447	15.414	173.32	59.52	145.4	100.73
448	15.448	171.47	57.37	143.83	105.46
449	15.483	172.95	59.48	142.71	108.28
450	15.517	172.87	58.22	141.75	107.52
451	15.552	172.8	56.37	142.1	106.05
452	15.586	172.43	55.31	142.18	105.08
453	15.621	172.76	56.82	139.51	103.56
454	15.655	174.04	55.29	140.03	100.51
455	15.69	173.45	52.22	140.59	96.86
456	15.724	173.38	53.82	139.21	97.48
457	15.759	174.25	56.22	137.62	98.58
458	15.793	175.19	55.86	139.32	97.9
459	15.828	175.45	54.84	140.73	97.25
460	15.862	173.98	54.51	139.7	97.7
461	15.897	174.49	56.23	139.59	96.71
462	15.931	173.42	55.79	138.19	96.38
463	15.966	169.86	60.23	140.69	91.36
464	16.0	173.86	59.7	141.23	93.44
465	16.034	175.54	61.34	142.0	94.78
466	16.069	175.65	62.13	142.19	94.74
467	16.103	172.78	64.56	141.59	92.4
468	16.138	172.86	65.01	142.31	92.36
469	16.172	173.38	66.06	142.3	94.42
470	16.207	172.98	63.97	143.17	93.54
471	16.241	174.26	63.04	143.64	96.37
472	16.276	176.88	56.57	146.29	95.78
473	16.31	178.07	55.65	145.72	99.32
474	16.345	175.82	59.14	143.15	103.89
475	16.379	177.61	55.93	145.62	108.89
476	16.414	179.82	51.74	145.52	108.72
477	16.448	179.03	55.11	143.85	109.13
478	16.483	177.97	55.47	143.48	108.25
479	16.517	177.75	55.63	144.69	108.09
480	16.552	176.99	57.81	144.54	107.44
481	16.586	177.36	56.73	146.37	106.77
482	16.621	176.67	57.23	145.5	107.56
483	16.655	176.3	56.04	143.83	107.44
484	16.69	175.96	56.55	143.43	106.39
485	16.724	176.0	57.56	144.47	106.54
486	16.759	176.34	57.73	143.97	106.62
487	16.793	176.25	56.65	144.27	107.01
488	16.828	176.48	56.81	143.91	107.6
489	16.862	175.96	56.98	142.88	107.76
490	16.897	176.01	56.75	143.5	107.89
491	16.931	172.68	58.95	144.7	107.2
492	16.966	176.06	55.75	143.92	108.82
493	17.0	176.51	57.45	147.43	109.49
494	17.034	175.89	57.66	147.0	109.08
495	17.069	172.02	62.01	145.31	107.55
496	17.103	175.7	61.58	143.47	107.91
497	17.138	175.48	62.29	142.99	108.52
498	17.172	175.36	61.16	143.44	107.23
499	17.207	175.14	61.59	142.96	107.36
500	17.241	174.65	60.83	143.42	106.78
501	17.276	174.79	60.62	143.03	106.77
502	17.31	175.09	59.94	142.58	106.73
503	17.345	175.29	59.63	142.63	107.22
504	17.379	175.57	60.85	142.91	107.74
505	17.414	176.39	60.73	145.17	108.44
506	17.448	176.23	61.12	143.92	108.25
507	17.483	175.41	60.8	143.01	107.56
508	17.517	175.59	61.33	143.19	108.47
509	17.552	175.2	59.89	142.79	107.72
510	17.586	175.22	59.89	142.88	107.47
511	17.621	175.08	59.63	143.36	107.61
512	17.655	174.24	58.52	143.63	107.09
513	17.69	173.91	57.83	143.03	107.29
514	17.724	174.32	57.32	142.6	107.42
515	17.759	174.41	57.17	142.16	107.19
516	17.793	174.59	57.06	140.99	107.73
517	17.828	174.67	55.34	140.28	108.1
518	17.862	174.64	56.01	137.87	109.16
519	17.897	174.74	55.77	136.82	109.23
520	17.931	174.71	55.54	135.48	109.2
521	17.966	174.55	54.96	130.44	109.77
522	18.0	174.06	54.28	127.32	108.55
523	18.034	174.62	56.44	127.74	109.93
524	18.069	174.28	57.26	123.47	109.84
525	18.103	174.15	56.49	122.91	110.08
526	18.138	175.25	55.5	121.98	109.98
527	18.172	175.23	57.44	121.62	110.27
528	18.207	175.12	59.19	122.97	110.56
529	18.241	175.61	58.34	125.43	109.45
530	18.276	175.77	58.17	126.11	110.29
531	18.31	175.72	57.15	130.59	110.2
532	18.345	175.6	56.51	133.41	110.01
533	18.379	175.94	57.23	134.2	110.12
534	18.414	175.75	55.53	136.49	109.06
535	18.448	175.76	55.03	138.34	108.32
536	18.483	175.72	56.85	138.17	108.07
537	18.517	175.56	55.77	138.3	107.59
538	18.552	175.86	55.1	137.29	107.3
539	18.586	176.1	55.22	137.49	107.98
540	18.621	176.23	53.15	137.17	108.38
541	18.655	177.4	55.59	138.63	110.97
542	18.69	177.47	54.01	138.83	110.7
543	18.724	177.51	54.19	139.04	110.41
544	18.759	178.14	54.71	138.61	110.49
545	18.793	178.0	55.71	137.71	110.3
546	18.828	177.73	54.24	138.89	109.72
547	18.862	178.74	56.48	139.44	110.2
548	18.897	178.38	55.73	138.63	109.21
549	18.931	178.37	59.36	137.91	109.22
550	18.966	174.29	65.14	138.47	107.49
551	19.0	174.53	64.24	138.64	107.56
552	19.034	177.17	64.18	136.67	105.61
553	19.069	177.48	64.98	136.94	105.73
554	19.103	177.02	66.5	136.63	105.2
555	19.138	176.73	66.63	136.14	104.25
556	19.172	176.02	67.3	134.84	103.58
557	19.207	176.42	68.65	135.14	102.37
558	19.241	176.63	69.06	134.86	101.88
559	19.276	177.14	69.68	135.16	100.72
560	19.31	177.04	67.77	134.14	100.93
561	19.345	179.12	69.56	134.26	102.22
562	19.379	179.0	68.31	136.31	99.05
563	19.414	177.1	68.96	134.17	98.03
564	19.448	175.29	68.08	130.47	94.66
565	19.483	169.99	70.23	127.59	96.33
566	19.517	169.47	68.56	127.22	95.58
567	19.552	173.84	66.25	131.95	94.44
568	19.586	173.85	68.78	131.91	95.5
569	19.621	176.56	66.68	133.86	98.16
570	19.655	178.91	64.5	137.33	103.31
571	19.69	179.76	63.32	138.8	104.49
572	19.724	179.43	65.02	139.18	105.04
573	19.759	178.56	66.72	136.77	105.63
574	19.793	178.79	66.21	135.19	105.7
575	19.828	179.3	65.41	136.91	106.59
576	19.862	178.06	65.61	139.15	104.61
577	19.897	178.28	75.31	141.37	103.41
578	19.931	178.81	74.17	147.76	101.63
579	19.966	178.6	73.46	149.14	100.53
580	20.0	178.38	71.12	150.78	100.11
581	20.034	178.2	67.01	148.01	100.17
582	20.069	178.19	64.32	146.3	100.69
583	20.103	178.11	61.14	142.5	102.67
584	20.138	179.34	58.18	141.24	105.13
585	20.172	176.11	58.29	137.35	103.49
586	20.207	176.76	52.57	137.99	103.74
587	20.241	175.43	49.13	136.5	102.16
588	20.276	174.65	52.92	135.97	101.78
589	20.31	175.21	58.52	138.86	99.82
590	20.345	176.18	56.62	139.74	99.71
591	20.379	175.63	57.05	138.17	99.46
592	20.414	176.34	57.39	138.39	101.41
593	20.448	176.6	57.64	140.12	102.47
594	20.483	176.46	59.45	138.58	102.21
595	20.517	179.16	60.25	142.38	102.29
596	20.552	176.25	64.3	137.44	103.94
597	20.586	176.67	64.7	138.63	104.65
598	20.621	176.18	65.37	137.34	103.51
599	20.655	176.65	64.2	139.55	103.51
600	20.69	176.44	64.09	138.95	103.91
601	20.724	175.71	61.79	141.27	105.5
602	20.759	177.77	59.3	140.73	104.96
603	20.793	177.32	60.16	139.56	104.52
604	20.828	174.08	62.13	139.38	104.33
605	20.862	176.92	60.65	140.77	104.22
606	20.897	173.99	63.59	138.7	104.65
607	20.931	176.96	58.57	139.05	104.37
608	20.966	174.52	61.85	138.85	105.29
609	21.0	174.9	60.87	138.54	104.87
610	21.034	174.84	61.09	138.92	104.42
611	21.069	174.65	61.18	137.89	103.46
612	21.103	174.7	61.71	137.07	102.39
613	21.138	174.97	61.61	139.16	103.14
614	21.172	175.23	60.69	139.11	103.03
615	21.207	175.16	60.25	138.2	101.98
616	21.241	175.51	59.19	138.44	102.24
617	21.276	175.18	58.12	137.62	101.27
618	21.31	175.28	59.46	137.11	102.27
619	21.345	175.06	59.24	137.3	101.21
620	21.379	174.94	59.91	138.64	100.66
621	21.414	174.35	61.06	138.02	100.69
622	21.448	174.72	62.15	138.31	101.02
623	21.483	174.93	62.29	138.78	100.8
624	21.517	174.85	64.07	139.56	102.35
625	21.552	176.17	62.29	141.7	103.13
626	21.586	176.1	63.38	141.04	103.33
627	21.621	176.34	62.58	141.83	102.21
628	21.655	175.96	63.01	140.2	102.92
629	21.69	175.55	62.53	139.61	103.28
630	21.724	175.57	64.59	139.92	103.17
631	21.759	174.95	64.74	139.69	102.15
632	21.793	175.24	63.87	139.84	100.89
633	21.828	175.06	64.54	140.34	100.84
634	21.862	174.9	64.25	140.94	100.41
635	21.897	174.56	65.35	140.92	100.17
636	21.931	174.59	65.53	141.29	100.04
637	21.966	174.78	68.37	139.36	100.91
638	22.0	174.5	66.23	138.76	100.78
639	22.034	173.81	68.75	138.26	100.84
640	22.069	172.6	68.43	136.86	100.58
641	22.103	172.78	68.27	137.31	100.7
642	22.138	173.51	67.84	136.15	101.23
643	22.172	173.43	68.13	136.89	101.17
644	22.207	173.44	68.66	136.25	100.38
645	22.241	173.0	68.75	134.83	100.43
646	22.276	172.58	68.54	134.97	99.89
647	22.31	173.17	67.77	134.78	101.18
648	22.345	173.38	67.27	134.68	101.35
649	22.379	174.17	67.93	135.21	101.06
650	22.414	173.65	66.8	132.86	101.03
651	22.448	173.48	66.76	133.84	100.6
652	22.483	173.36	67.43	132.59	101.18
653	22.517	172.86	66.47	131.35	100.57
654	22.552	172.92	67.76	131.82	101.13
655	22.586	173.22	68.36	132.39	100.46
656	22.621	172.44	68.38	131.86	100.31
657	22.655	173.03	68.35	131.29	100.39
658	22.69	172.8	68.39	130.95	100.21
659	22.724	173.49	69.29	130.83	100.24
660	22.759	174.26	69.69	130.51	100.53
661	22.793	174.36	69.5	132.76	102.48
662	22.828	174.97	67.12	132.76	102.94
663	22.862	175.19	66.84	132.39	103.49
664	22.897	175.55	66.98	133.17	104.4
665	22.931	175.31	68.56	132.46	104.82
666	22.966	175.45	67.44	133.63	105.98
667	23.0	175.5	65.88	133.86	106.11
668	23.034	175.61	64.81	135.05	104.55
669	23.069	176.15	64.13	135.06	105.92
670	23.103	176.99	62.08	135.13	106.02
671	23.138	176.04	63.62	134.04	104.9
672	23.172	175.21	62.44	133.08	103.53
673	23.207	174.95	67.26	131.8	104.53
674	23.241	174.85	67.35	129.31	104.02
675	23.276	174.77	68.34	127.27	103.36
676	23.31	174.61	68.37	125.4	104.55
677	23.345	174.85	70.06	123.27	105.0
678	23.379	175.3	66.43	124.49	105.17
679	23.414	175.54	67.63	124.54	105.68
680	23.448	175.4	64.9	124.23	105.59
681	23.483	175.57	64.12	124.4	106.58
682	23.517	175.32	63.67	124.01	106.43
683	23.552	174.62	61.03	126.39	105.5
684	23.586	175.43	58.93	127.49	105.91
685	23.621	175.87	59.48	128.96	106.51
686	23.655	177.31	59.99	131.11	106.42
687	23.69	177.78	58.81	130.36	106.21
688	23.724	177.63	59.05	129.4	105.74
689	23.759	177.31	59.86	128.35	105.72
690	23.793	177.59	58.58	129.01	106.29
691	23.828	177.32	56.84	127.52	105.32
692	23.862	177.28	57.49	128.0	104.8
693	23.897	177.07	59.41	127.92	105.49
694	23.931	176.89	59.79	127.55	104.86
695	23.966	177.32	60.33	128.64	105.29
696	24.0	176.94	60.83	129.01	104.49
697	24.034	176.48	61.48	129.27	105.19
698	24.069	176.98	61.56	128.85	106.06
699	24.103	177.07	60.93	128.88	106.13
700	24.138	177.51	59.65	129.43	106.55
701	24.172	176.25	60.81	129.02	104.37
702	24.207	176.53	58.19	128.45	104.29
703	24.241	176.25	59.2	127.25	103.58
704	24.276	176.52	58.98	129.7	103.57
705	24.31	176.71	60.54	127.98	104.45
706	24.345	176.0	59.5	127.03	102.97
707	24.379	176.26	61.19	126.78	103.94
708	24.414	176.45	61.23	127.97	104.48
709	24.448	175.37	61.76	129.82	104.13
710	24.483	175.44	59.93	129.79	104.63
711	24.517	175.1	60.98	129.6	104.75
712	24.552	175.95	61.56	128.71	106.68
713	24.586	175.47	61.71	128.94	106.08
714	24.621	175.48	61.42	130.56	105.82
715	24.655	175.7	62.01	131.78	106.11
716	24.69	175.24	62.66	130.9	105.52
717	24.724	175.06	63.57	130.95	104.32
718	24.759	175.04	63.89	131.24	104.07
719	24.793	174.33	63.15	130.21	102.88
720	24.828	175.42	62.36	130.57	103.82
721	24.862	175.27	64.28	131.83	104.66
722	24.897	175.44	64.59	132.29	104.86
723	24.931	175.12	65.1	134.24	104.31
724	24.966	175.11	64.53	135.37	103.64
725	25.0	175.46	64.65	134.8	103.49
726	25.034	175.25	64.89	133.99	103.8
727	25.069	176.05	63.21	135.32	104.31
728	25.103	175.96	62.87	136.61	104.63
729	25.138	175.67	63.64	136.3	103.72
730	25.172	175.61	63.43	136.87	103.63
731	25.207	175.79	64.62	137.8	103.73
732	25.241	175.67	64.96	138.41	104.43
733	25.276	175.08	65.3	138.57	103.04
734	25.31	175.45	65.22	138.99	103.53
735	25.345	175.79	62.78	138.5	104.3
736	25.379	175.01	65.14	137.53	104.28
737	25.414	175.73	64.22	138.65	104.83
738	25.448	175.87	63.5	138.97	104.98
739	25.483	175.4	64.82	137.68	104.73
740	25.517	175.42	63.28	137.33	104.14
741	25.552	175.77	62.21	137.97	104.48
742	25.586	175.16	62.01	136.72	105.21
743	25.621	174.77	62.23	136.64	105.15
744	25.655	175.1	60.42	136.32	105.27
745	25.69	175.23	61.62	137.88	104.74
746	25.724	175.22	60.62	137.75	106.07
747	25.759	175.62	61.01	137.25	105.79
748	25.793	175.31	61.28	137.35	105.76
749	25.828	175.7	61.17	138.54	106.54
750	25.862	175.43	61.35	138.11	106.2
751	25.897	175.66	61.95	138.87	106.03
752	25.931	175.73	61.91	138.68	106.13
753	25.966	175.59	62.33	138.48	105.6
754	26.0	175.4	62.29	139.15	105.24
755	26.034	175.35	62.82	139.2	105.22
756	26.069	175.66	63.03	139.26	105.33
757	26.103	175.6	62.9	139.71	107.02
758	26.138	175.14	62.31	138.06	106.38
759	26.172	175.32	61.24	137.75	106.38
760	26.207	175.61	61.35	137.64	107.06
761	26.241	175.36	61.81	136.04	106.97
762	26.276	175.26	61.14	135.57	107.09
763	26.31	175.57	61.26	136.2	106.97
764	26.345	175.35	60.77	135.82	106.17
765	26.379	175.2	60.56	135.0	105.8
766	26.414	175.12	60.97	135.59	106.24
767	26.448	175.11	61.27	135.36	106.26
768	26.483	175.51	60.93	135.92	106.71
769	26.517	175.9	62.58	138.14	106.4
770	26.552	176.0	62.77	137.85	106.34
771	26.586	176.08	62.43	137.92	106.16
772	26.621	176.03	62.01	138.94	105.92
773	26.655	175.59	62.98	137.92	105.55
774	26.69	175.77	61.78	137.18	105.49
775	26.724	175.99	60.7	136.98	105.96
776	26.759	175.36	59.66	137.39	105.2
777	26.793	175.73	59.3	137.18	105.85
778	26.828	175.59	60.37	137.17	105.89
779	26.862	175.88	59.97	137.43	105.38
780	26.897	175.19	62.27	137.28	104.74
781	26.931	175.24	61.63	138.26	105.19
782	26.966	175.4	60.81	137.79	105.86
783	27.0	176.22	61.53	137.47	106.11
784	27.034	176.22	61.65	138.43	106.46
785	27.069	175.98	61.43	137.89	106.32
786	27.103	176.52	60.83	138.38	106.99
787	27.138	176.36	60.22	136.96	106.67
788	27.172	176.47	59.78	137.79	106.8
789	27.207	176.25	59.71	138.32	106.36
790	27.241	176.18	59.42	137.56	106.22
791	27.276	175.95	58.97	138.33	106.22
792	27.31	176.08	59.79	137.88	105.47
793	27.345	175.32	62.3	136.45	104.32
794	27.379	175.16	61.9	135.49	104.87
795	27.414	175.14	61.25	135.98	104.42
796	27.448	175.21	61.53	137.05	104.46
797	27.483	174.94	61.97	135.73	104.3
798	27.517	174.85	62.05	136.09	105.01
799	27.552	175.1	62.06	136.85	105.4
800	27.586	175.04	61.9	136.71	104.97
801	27.621	175.08	61.9	137.01	105.39
802	27.655	175.39	61.17	136.07	105.4
803	27.69	175.49	61.19	135.27	105.94
804	27.724	175.46	61.12	135.27	106.14
805	27.759	176.05	59.81	136.11	105.35
806	27.793	176.53	58.72	135.64	105.55
807	27.828	176.72	60.22	134.47	105.84
808	27.862	176.91	60.38	135.13	106.23
809	27.897	177.32	59.07	136.76	107.06
810	27.931	177.16	60.02	135.74	106.96
811	27.966	176.92	60.17	135.87	106.18
812	28.0	176.98	60.02	136.53	106.25
813	28.034	176.87	59.21	137.06	105.33
814	28.069	176.96	58.75	137.69	105.4
815	28.103	177.04	59.21	138.55	105.48
816	28.138	176.55	60.25	137.6	106.01
817	28.172	176.78	58.61	138.91	106.39
818	28.207	176.64	60.09	138.27	106.37
819	28.241	176.43	60.01	138.62	106.49
820	28.276	176.12	59.62	139.71	106.73
821	28.31	176.82	59.17	140.31	107.9
822	28.345	177.15	59.26	141.34	108.69
823	28.379	177.67	57.97	143.25	108.47
824	28.414	177.8	58.84	142.15	108.43
825	28.448	177.63	59.36	140.8	107.67
826	28.483	177.46	58.69	141.05	107.29
827	28.517	177.41	58.58	140.95	107.62
828	28.552	177.17	59.19	140.82	107.27
829	28.586	176.87	59.42	140.63	107.95
830	28.621	177.22	56.74	141.58	107.66
831	28.655	177.52	56.53	143.03	108.64
832	28.69	177.64	56.42	142.55	109.83
833	28.724	177.52	56.35	141.36	109.68
834	28.759	177.8	57.99	141.69	110.57
835	28.793	178.46	58.02	144.08	111.77
836	28.828	178.27	58.55	143.84	112.53
837	28.862	178.64	59.24	142.31	113.36
838	28.897	179.08	58.8	141.09	113.21
839	28.931	179.82	60.44	141.78	114.33
840	28.966	179.22	57.75	141.17	114.32
841	29.0	179.38	60.1	140.15	113.12
842	29.034	179.67	59.04	141.05	112.68
843	29.069	179.88	59.38	140.01	112.82
844	29.103	179.65	58.29	140.56	112.61
845	29.138	179.82	58.8	140.35	112.67
846	29.172	179.93	59.08	140.31	112.23
847	29.207	179.08	59.87	138.65	112.29
848	29.241	178.79	59.48	140.47	111.75
849	29.276	178.99	56.91	140.96	112.22
850	29.31	179.18	56.57	141.96	112.64
851	29.345	178.52	57.8	141.28	112.02
852	29.379	178.15	58.51	140.97	111.54
853	29.414	178.31	59.51	140.1	111.01
854	29.448	178.54	60.32	139.91	110.9
855	29.483	178.59	60.57	141.02	111.12
856	29.517	178.45	58.52	141.76	110.61
857	29.552	178.33	56.39	139.86	110.54
858	29.586	178.82	56.83	142.75	111.27
859	29.621	178.15	56.69	142.33	110.85
860	29.655	178.31	56.9	143.56	111.03
861	29.69	178.04	56.49	143.46	110.1
862	29.724	178.42	57.14	144.09	110.89
863	29.759	178.33	58.41	145.01	110.67
864	29.793	179.06	58.84	144.46	111.38
865	29.828	178.58	59.0	143.7	112.63
866	29.862	179.26	57.88	142.64	112.38
867	29.897	178.65	57.43	143.41	111.52
868	29.931	179.02	56.82	143.92	111.27
869	29.966	179.24	58.4	143.74	112.11
870	30.0	179.18	57.62	144.95	111.76
871	30.034	178.83	56.69	144.54	110.83
872	30.069	178.53	57.89	143.75	110.69
873	30.103	178.23	57.57	143.06	110.79
874	30.138	178.15	58.76	143.13	110.75
875	30.172	178.3	57.39	144.67	110.43
876	30.207	178.77	57.9	145.92	110.92
877	30.241	177.64	59.87	144.7	110.51
878	30.276	177.83	60.5	144.68	110.32
879	30.31	177.41	59.06	145.01	110.27
880	30.345	177.58	58.39	145.46	109.75
881	30.379	177.88	58.66	145.73	109.97
882	30.414	177.59	58.97	145.17	109.63
883	30.448	178.06	58.53	145.19	109.87
884	30.483	178.52	57.56	146.07	110.55
885	30.517	178.26	58.19	145.79	110.85
886	30.552	178.42	58.69	145.52	111.2
887	30.586	178.58	59.58	145.17	111.61
888	30.621	178.56	59.22	144.39	111.05
889	30.655	177.74	57.21	142.57	110.9
890	30.69	178.47	57.0	144.62	112.14
891	30.724	178.31	57.05	144.78	111.75
892	30.759	178.49	55.92	144.47	110.7
893	30.793	178.78	55.75	144.34	110.63
894	30.828	178.27	56.29	145.02	109.9
895	30.862	178.85	56.0	144.92	110.43
896	30.897	179.23	55.26	145.03	110.62
897	30.931	179.27	55.31	146.06	110.42
898	30.966	179.1	54.81	145.66	110.05
899	31.0	178.55	54.73	145.39	110.09
900	31.034	178.63	55.04	145.61	110.06
901	31.069	178.01	57.38	146.27	110.2
902	31.103	178.39	56.51	145.96	111.01
903	31.138	178.41	56.61	146.25	111.11
904	31.172	178.13	56.41	145.86	110.53
905	31.207	178.7	56.5	145.52	110.89
906	31.241	179.17	57.18	146.45	111.18
907	31.276	178.85	56.53	146.19	110.66
908	31.31	179.09	56.47	146.24	110.74
909	31.345	179.01	56.11	145.58	110.98
910	31.379	179.61	56.08	145.9	111.46
911	31.414	179.94	55.7	145.65	111.69
912	31.448	179.69	57.05	146.36	110.95
913	31.483	179.45	56.75	145.73	111.36
914	31.517	179.28	57.06	146.18	111.24
915	31.552	179.77	56.36	145.93	111.23
916	31.586	179.72	56.34	145.44	111.63
917	31.621	179.73	57.02	145.39	111.7
918	31.655	179.81	56.19	145.43	111.63
919	31.69	179.55	55.74	145.65	111.98
920	31.724	179.45	55.16	146.45	112.1
921	31.759	179.05	54.57	145.99	112.63
922	31.793	179.25	54.57	145.82	111.79
923	31.828	179.6	54.71	146.18	111.2
924	31.862	179.48	55.67	146.17	111.85
925	31.897	179.89	55.69	144.43	110.72
926	31.931	179.76	55.37	144.35	110.62
927	31.966	179.98	54.3	145.43	110.77
928	32.0	179.45	54.56	144.64	110.41
929	32.034	179.46	55.06	144.95	110.59
930	32.069	179.46	54.92	145.73	111.58
931	32.103	179.93	54.45	146.28	112.28
932	32.138	179.48	54.03	146.14	112.81
933	32.172	179.05	53.3	145.11	112.95
934	32.207	179.14	53.78	145.9	113.16
935	32.241	179.15	54.83	146.38	112.79
936	32.276	178.82	54.54	146.18	113.36
937	32.31	178.95	54.6	146.07	112.28
938	32.345	178.86	54.41	146.05	112.58
939	32.379	178.81	53.23	145.1	112.66
940	32.414	178.46	52.79	145.37	113.04
941	32.448	178.56	53.11	145.33	112.8
942	32.483	178.79	53.21	145.63	112.36
943	32.517	178.5	53.24	146.37	112.44
944	32.552	178.83	54.02	146.6	112.04
945	32.586	178.64	53.79	147.63	112.28
946	32.621	178.43	54.0	146.35	112.1
947	32.655	178.7	53.34	146.74	111.92
948	32.69	179.01	53.29	145.42	111.72
949	32.724	178.68	52.68	147.23	111.7
950	32.759	178.47	52.05	147.76	111.84
951	32.793	178.55	51.87	147.65	111.86
952	32.828	178.79	52.87	147.71	111.79
953	32.862	178.63	52.55	147.09	111.61
954	32.897	178.67	52.84	147.2	111.52
955	32.931	178.63	52.99	147.14	111.33
956	32.966	178.42	51.92	147.29	111.16
957	33.0	178.87	52.76	147.07	111.05
958	33.034	178.58	53.9	146.82	111.37
959	33.069	178.52	54.36	145.96	111.47
960	33.103	178.68	54.21	145.74	111.24
961	33.138	178.86	54.93	146.99	110.98
962	33.172	178.83	54.43	145.99	110.86
963	33.207	179.36	51.22	146.65	110.16
964	33.241	179.14	50.92	147.09	110.65
965	33.276	179.31	51.68	145.78	110.02
966	33.31	179.54	52.06	145.07	109.71
967	33.345	179.12	52.31	145.99	110.77
968	33.379	178.96	53.28	145.26	110.85
969	33.414	178.57	51.0	145.37	110.97
970	33.448	178.96	51.23	145.89	110.86
971	33.483	178.7	50.91	145.73	110.97
972	33.517	179.62	51.94	145.79	110.43
973	33.552	179.71	51.97	145.77	110.41
974	33.586	179.96	52.76	146.51	110.18
975	33.621	179.89	51.3	147.35	109.72
976	33.655	179.7	52.52	146.76	109.83
977	33.69	179.76	51.43	147.47	109.74
978	33.724	179.23	52.24	146.58	109.41
979	33.759	178.85	49.85	147.45	109.0
980	33.793	179.25	51.21	147.52	109.77
981	33.828	178.76	52.05	148.34	109.39
982	33.862	178.92	50.33	148.54	109.19
983	33.897	178.12	53.13	148.12	109.3
984	33.931	177.75	55.56	147.34	108.02
985	33.966	175.8	52.9	145.98	106.22
986	34.0	175.47	55.23	144.88	105.22
987	34.034	176.08	56.99	146.0	106.71
988	34.069	175.76	57.98	145.63	106.87
989	34.103	176.69	57.78	144.82	107.31
990	34.138	177.21	58.04	145.64	107.68
991	34.172	177.78	56.83	145.95	107.78
992	34.207	178.24	56.35	146.04	107.56
993	34.241	178.71	57.09	145.89	108.23
994	34.276	177.79	57.37	145.35	106.64
995	34.31	178.19	56.94	144.93	107.22
996	34.345	177.3	57.31	145.3	106.48
997	34.379	177.64	60.8	145.51	106.61
998	34.414	176.48	61.2	145.29	106.62
999	34.448	176.75	61.74	145.9	106.72
1000	34.483	177.12	62.32	145.96	106.87
1001	34.517	176.92	61.42	146.53	105.83
1002	34.552	177.2	61.26	146.12	105.07
1003	34.586	177.11	63.26	146.99	105.09
1004	34.621	177.1	63.77	146.93	105.01
1005	34.655	176.89	64.44	147.04	104.52
1006	34.69	177.17	64.57	147.24	104.34
1007	34.724	177.0	65.81	147.4	102.58
1008	34.759	176.86	73.67	149.7	103.05
1009	34.793	178.46	75.76	144.49	103.43
1010	34.828	179.48	74.66	144.81	101.07
1011	34.862	175.67	73.93	148.52	99.2
1012	34.897	174.84	70.35	147.54	99.75
1013	34.931	174.62	69.07	146.71	100.19
1014	34.966	174.97	69.32	146.06	100.66
1015	35.0	175.21	70.61	145.65	101.56
1016	35.034	175.01	73.09	145.53	101.73
1017	35.069	174.59	75.72	145.96	100.54
1018	35.103	174.6	75.77	145.43	102.49
1019	35.138	176.03	76.13	145.94	103.26
1020	35.172	175.43	77.17	146.03	102.74
1021	35.207	176.06	76.64	146.58	102.8
1022	35.241	176.42	76.76	148.71	103.12
1023	35.276	176.24	76.61	148.08	101.13
1024	35.31	178.78	78.4	136.72	116.89
1025	35.345	175.63	78.25	148.69	99.72
1026	35.379	178.88	82.39	134.57	113.08
1027	35.414	178.44	84.36	135.5	111.37
1028	35.448	178.45	86.12	135.98	109.52
1029	35.483	179.35	87.83	135.87	110.17
1030	35.517	177.21	86.33	136.91	112.21
1031	35.552	176.51	84.92	147.8	97.54
1032	35.586	176.82	86.69	147.35	99.25
1033	35.621	176.91	90.2	147.24	100.28
1034	35.655	177.7	88.0	147.17	101.6
1035	35.69	179.66	83.64	142.67	100.61
1036	35.724	179.62	82.21	142.27	100.4
1037	35.759	179.83	82.18	142.97	102.26
1038	35.793	180.0	81.65	142.17	102.49
1039	35.828	179.83	79.15	142.98	103.35
1040	35.862	176.38	83.34	147.25	103.81
1041	35.897	176.63	81.27	146.58	103.4
1042	35.931	176.85	80.44	147.78	103.98
1043	35.966	179.94	73.58	144.08	103.83
1044	36.0	179.19	72.48	142.4	102.49
1045	36.034	174.89	71.84	143.37	102.88
1046	36.069	174.27	73.41	143.07	101.05
1047	36.103	173.57	73.57	138.76	98.02
1048	36.138	173.27	73.02	136.4	99.56
1049	36.172	173.57	73.54	132.33	101.04
1050	36.207	173.83	76.68	128.96	101.49
1051	36.241	173.49	76.65	127.91	101.99
